instanceID,experimentID,instanceType,wallTime,clients,threads,scaleFactor,transactionsType,queryMode,duration,transactions,mountPoint
i-04b9c2f75a375d7e5,1573943301-0,m5d.large,60.3022260665893,10,10,1,TPC-B (sort of),simple,60 s,167389,data_directory = '/var/lib/postgresql/9.5/main'
i-04b9c2f75a375d7e5,1573943301-0,m5d.large,60.2760257720947,10,10,1,TPC-B (sort of),simple,60 s,167447,data_directory = '/var/lib/postgresql/9.5/main'
i-04b9c2f75a375d7e5,1573943301-0,m5d.large,60.2082493305206,10,10,1,TPC-B (sort of),simple,60 s,167434,data_directory = '/var/lib/postgresql/9.5/main'
i-04b9c2f75a375d7e5,1573943301-0,m5d.large,60.2946488857269,10,10,1,TPC-B (sort of),simple,60 s,168173,data_directory = '/var/lib/postgresql/9.5/main'
i-04b9c2f75a375d7e5,1573943301-0,m5d.large,60.2273259162902,10,10,1,TPC-B (sort of),simple,60 s,168140,data_directory = '/var/lib/postgresql/9.5/main'
i-04b9c2f75a375d7e5,1573943301-0,m5d.large,60.1708793640136,10,10,1,TPC-B (sort of),simple,60 s,167926,data_directory = '/var/lib/postgresql/9.5/main'
i-04b9c2f75a375d7e5,1573943301-0,m5d.large,60.1707258224487,10,10,1,TPC-B (sort of),simple,60 s,167871,data_directory = '/var/lib/postgresql/9.5/main'
i-04b9c2f75a375d7e5,1573943301-0,m5d.large,60.1724662780761,10,10,1,TPC-B (sort of),simple,60 s,168380,data_directory = '/var/lib/postgresql/9.5/main'
i-04b9c2f75a375d7e5,1573943301-0,m5d.large,60.1721427440643,10,10,1,TPC-B (sort of),simple,60 s,168249,data_directory = '/var/lib/postgresql/9.5/main'
i-04b9c2f75a375d7e5,1573943301-0,m5d.large,60.179965019226,10,10,1,TPC-B (sort of),simple,60 s,168688,data_directory = '/var/lib/postgresql/9.5/main'
i-0127ff963ce39608f,1573943301-0,m5d.large,60.3147332668304,10,10,1,TPC-B (sort of),simple,60 s,145692,data_directory = '/var/lib/postgresql/9.5/main'
i-0127ff963ce39608f,1573943301-0,m5d.large,60.2466962337493,10,10,1,TPC-B (sort of),simple,60 s,145580,data_directory = '/var/lib/postgresql/9.5/main'
i-0127ff963ce39608f,1573943301-0,m5d.large,60.1434473991394,10,10,1,TPC-B (sort of),simple,60 s,145657,data_directory = '/var/lib/postgresql/9.5/main'
i-0127ff963ce39608f,1573943301-0,m5d.large,60.27263879776,10,10,1,TPC-B (sort of),simple,60 s,145819,data_directory = '/var/lib/postgresql/9.5/main'
i-0127ff963ce39608f,1573943301-0,m5d.large,60.2335500717163,10,10,1,TPC-B (sort of),simple,60 s,145833,data_directory = '/var/lib/postgresql/9.5/main'
i-0127ff963ce39608f,1573943301-0,m5d.large,60.2388005256652,10,10,1,TPC-B (sort of),simple,60 s,145840,data_directory = '/var/lib/postgresql/9.5/main'
i-0127ff963ce39608f,1573943301-0,m5d.large,60.1793196201324,10,10,1,TPC-B (sort of),simple,60 s,145496,data_directory = '/var/lib/postgresql/9.5/main'
i-0127ff963ce39608f,1573943301-0,m5d.large,60.1928076744079,10,10,1,TPC-B (sort of),simple,60 s,145798,data_directory = '/var/lib/postgresql/9.5/main'
i-0127ff963ce39608f,1573943301-0,m5d.large,60.2106144428253,10,10,1,TPC-B (sort of),simple,60 s,146272,data_directory = '/var/lib/postgresql/9.5/main'
i-0127ff963ce39608f,1573943301-0,m5d.large,60.2080976963043,10,10,1,TPC-B (sort of),simple,60 s,146234,data_directory = '/var/lib/postgresql/9.5/main'
i-00a374920f339188c,1573943301-0,m5d.large,60.1876554489135,10,10,1,TPC-B (sort of),simple,60 s,165892,data_directory = '/var/lib/postgresql/9.5/main'
i-00a374920f339188c,1573943301-0,m5d.large,60.1818327903747,10,10,1,TPC-B (sort of),simple,60 s,165034,data_directory = '/var/lib/postgresql/9.5/main'
i-00a374920f339188c,1573943301-0,m5d.large,60.1837763786315,10,10,1,TPC-B (sort of),simple,60 s,165684,data_directory = '/var/lib/postgresql/9.5/main'
i-00a374920f339188c,1573943301-0,m5d.large,60.1792795658111,10,10,1,TPC-B (sort of),simple,60 s,165950,data_directory = '/var/lib/postgresql/9.5/main'
i-00a374920f339188c,1573943301-0,m5d.large,60.1737987995147,10,10,1,TPC-B (sort of),simple,60 s,165669,data_directory = '/var/lib/postgresql/9.5/main'
i-00a374920f339188c,1573943301-0,m5d.large,60.1714811325073,10,10,1,TPC-B (sort of),simple,60 s,166060,data_directory = '/var/lib/postgresql/9.5/main'
i-00a374920f339188c,1573943301-0,m5d.large,60.1742603778839,10,10,1,TPC-B (sort of),simple,60 s,165942,data_directory = '/var/lib/postgresql/9.5/main'
i-00a374920f339188c,1573943301-0,m5d.large,60.1767032146453,10,10,1,TPC-B (sort of),simple,60 s,166163,data_directory = '/var/lib/postgresql/9.5/main'
i-00a374920f339188c,1573943301-0,m5d.large,60.1783325672149,10,10,1,TPC-B (sort of),simple,60 s,165723,data_directory = '/var/lib/postgresql/9.5/main'
i-00a374920f339188c,1573943301-0,m5d.large,60.1724889278411,10,10,1,TPC-B (sort of),simple,60 s,165528,data_directory = '/var/lib/postgresql/9.5/main'
i-0dacc3a1a65a223ac,1573943301-0,m5d.large,60.2370071411132,10,10,1,TPC-B (sort of),simple,60 s,144391,data_directory = '/var/lib/postgresql/9.5/main'
i-0dacc3a1a65a223ac,1573943301-0,m5d.large,60.1739344596862,10,10,1,TPC-B (sort of),simple,60 s,144421,data_directory = '/var/lib/postgresql/9.5/main'
i-0dacc3a1a65a223ac,1573943301-0,m5d.large,60.1652109622955,10,10,1,TPC-B (sort of),simple,60 s,144154,data_directory = '/var/lib/postgresql/9.5/main'
i-0dacc3a1a65a223ac,1573943301-0,m5d.large,60.1626782417297,10,10,1,TPC-B (sort of),simple,60 s,144304,data_directory = '/var/lib/postgresql/9.5/main'
i-0dacc3a1a65a223ac,1573943301-0,m5d.large,60.1654820442199,10,10,1,TPC-B (sort of),simple,60 s,144530,data_directory = '/var/lib/postgresql/9.5/main'
i-0dacc3a1a65a223ac,1573943301-0,m5d.large,60.1717739105224,10,10,1,TPC-B (sort of),simple,60 s,144560,data_directory = '/var/lib/postgresql/9.5/main'
i-0dacc3a1a65a223ac,1573943301-0,m5d.large,60.163468837738,10,10,1,TPC-B (sort of),simple,60 s,144609,data_directory = '/var/lib/postgresql/9.5/main'
i-0dacc3a1a65a223ac,1573943301-0,m5d.large,60.1637246608734,10,10,1,TPC-B (sort of),simple,60 s,144463,data_directory = '/var/lib/postgresql/9.5/main'
i-0dacc3a1a65a223ac,1573943301-0,m5d.large,60.2697775363922,10,10,1,TPC-B (sort of),simple,60 s,144637,data_directory = '/var/lib/postgresql/9.5/main'
i-0dacc3a1a65a223ac,1573943301-0,m5d.large,60.266977071762,10,10,1,TPC-B (sort of),simple,60 s,144620,data_directory = '/var/lib/postgresql/9.5/main'
i-0e8f378870dcbd5d3,1573943301-0,m5d.large,60.2207722663879,10,10,1,TPC-B (sort of),simple,60 s,142864,data_directory = '/var/lib/postgresql/9.5/main'
i-0e8f378870dcbd5d3,1573943301-0,m5d.large,60.2451148033142,10,10,1,TPC-B (sort of),simple,60 s,142941,data_directory = '/var/lib/postgresql/9.5/main'
i-0e8f378870dcbd5d3,1573943301-0,m5d.large,60.1419978141784,10,10,1,TPC-B (sort of),simple,60 s,142395,data_directory = '/var/lib/postgresql/9.5/main'
i-0e8f378870dcbd5d3,1573943301-0,m5d.large,60.1485576629638,10,10,1,TPC-B (sort of),simple,60 s,142925,data_directory = '/var/lib/postgresql/9.5/main'
i-0e8f378870dcbd5d3,1573943301-0,m5d.large,60.2321944236755,10,10,1,TPC-B (sort of),simple,60 s,142847,data_directory = '/var/lib/postgresql/9.5/main'
i-0e8f378870dcbd5d3,1573943301-0,m5d.large,60.158631324768,10,10,1,TPC-B (sort of),simple,60 s,142639,data_directory = '/var/lib/postgresql/9.5/main'
i-0e8f378870dcbd5d3,1573943301-0,m5d.large,60.2054302692413,10,10,1,TPC-B (sort of),simple,60 s,141919,data_directory = '/var/lib/postgresql/9.5/main'
i-0e8f378870dcbd5d3,1573943301-0,m5d.large,60.1586279869079,10,10,1,TPC-B (sort of),simple,60 s,142815,data_directory = '/var/lib/postgresql/9.5/main'
i-0e8f378870dcbd5d3,1573943301-0,m5d.large,60.1510989665985,10,10,1,TPC-B (sort of),simple,60 s,142801,data_directory = '/var/lib/postgresql/9.5/main'
i-0e8f378870dcbd5d3,1573943301-0,m5d.large,60.2256178855896,10,10,1,TPC-B (sort of),simple,60 s,143030,data_directory = '/var/lib/postgresql/9.5/main'
i-01630b674435938c1,1573943301-0,m5d.large,60.3357231616973,10,10,1,TPC-B (sort of),simple,60 s,165713,data_directory = '/var/lib/postgresql/9.5/main'
i-01630b674435938c1,1573943301-0,m5d.large,60.2261455059051,10,10,1,TPC-B (sort of),simple,60 s,165341,data_directory = '/var/lib/postgresql/9.5/main'
i-01630b674435938c1,1573943301-0,m5d.large,60.2346401214599,10,10,1,TPC-B (sort of),simple,60 s,165509,data_directory = '/var/lib/postgresql/9.5/main'
i-01630b674435938c1,1573943301-0,m5d.large,60.2094132900238,10,10,1,TPC-B (sort of),simple,60 s,165340,data_directory = '/var/lib/postgresql/9.5/main'
i-01630b674435938c1,1573943301-0,m5d.large,60.2568244934082,10,10,1,TPC-B (sort of),simple,60 s,165641,data_directory = '/var/lib/postgresql/9.5/main'
i-01630b674435938c1,1573943301-0,m5d.large,60.2290182113647,10,10,1,TPC-B (sort of),simple,60 s,165480,data_directory = '/var/lib/postgresql/9.5/main'
i-01630b674435938c1,1573943301-0,m5d.large,60.2235579490661,10,10,1,TPC-B (sort of),simple,60 s,165645,data_directory = '/var/lib/postgresql/9.5/main'
i-01630b674435938c1,1573943301-0,m5d.large,60.1839001178741,10,10,1,TPC-B (sort of),simple,60 s,165615,data_directory = '/var/lib/postgresql/9.5/main'
i-01630b674435938c1,1573943301-0,m5d.large,60.2471122741699,10,10,1,TPC-B (sort of),simple,60 s,165619,data_directory = '/var/lib/postgresql/9.5/main'
i-01630b674435938c1,1573943301-0,m5d.large,60.3268167972564,10,10,1,TPC-B (sort of),simple,60 s,165845,data_directory = '/var/lib/postgresql/9.5/main'
i-01e6e4abeaa36080f,1573943301-0,m5d.large,60.280606508255,10,10,1,TPC-B (sort of),simple,60 s,143826,data_directory = '/var/lib/postgresql/9.5/main'
i-01e6e4abeaa36080f,1573943301-0,m5d.large,60.1687343120574,10,10,1,TPC-B (sort of),simple,60 s,143928,data_directory = '/var/lib/postgresql/9.5/main'
i-01e6e4abeaa36080f,1573943301-0,m5d.large,60.1662409305572,10,10,1,TPC-B (sort of),simple,60 s,143983,data_directory = '/var/lib/postgresql/9.5/main'
i-01e6e4abeaa36080f,1573943301-0,m5d.large,60.2068383693695,10,10,1,TPC-B (sort of),simple,60 s,143674,data_directory = '/var/lib/postgresql/9.5/main'
i-01e6e4abeaa36080f,1573943301-0,m5d.large,60.1684322357177,10,10,1,TPC-B (sort of),simple,60 s,144119,data_directory = '/var/lib/postgresql/9.5/main'
i-01e6e4abeaa36080f,1573943301-0,m5d.large,60.1663460731506,10,10,1,TPC-B (sort of),simple,60 s,144537,data_directory = '/var/lib/postgresql/9.5/main'
i-01e6e4abeaa36080f,1573943301-0,m5d.large,60.1639566421508,10,10,1,TPC-B (sort of),simple,60 s,144198,data_directory = '/var/lib/postgresql/9.5/main'
i-01e6e4abeaa36080f,1573943301-0,m5d.large,60.1654195785522,10,10,1,TPC-B (sort of),simple,60 s,144392,data_directory = '/var/lib/postgresql/9.5/main'
i-01e6e4abeaa36080f,1573943301-0,m5d.large,60.1641294956207,10,10,1,TPC-B (sort of),simple,60 s,144490,data_directory = '/var/lib/postgresql/9.5/main'
i-01e6e4abeaa36080f,1573943301-0,m5d.large,60.272465467453,10,10,1,TPC-B (sort of),simple,60 s,144300,data_directory = '/var/lib/postgresql/9.5/main'
i-02290982499d0a8b6,1573943301-0,m5d.large,60.3579158782959,10,10,1,TPC-B (sort of),simple,60 s,163602,data_directory = '/var/lib/postgresql/9.5/main'
i-02290982499d0a8b6,1573943301-0,m5d.large,60.2543230056762,10,10,1,TPC-B (sort of),simple,60 s,154352,data_directory = '/var/lib/postgresql/9.5/main'
i-02290982499d0a8b6,1573943301-0,m5d.large,60.2887079715728,10,10,1,TPC-B (sort of),simple,60 s,151297,data_directory = '/var/lib/postgresql/9.5/main'
i-02290982499d0a8b6,1573943301-0,m5d.large,60.2726955413818,10,10,1,TPC-B (sort of),simple,60 s,151658,data_directory = '/var/lib/postgresql/9.5/main'
i-02290982499d0a8b6,1573943301-0,m5d.large,60.2590949535369,10,10,1,TPC-B (sort of),simple,60 s,152147,data_directory = '/var/lib/postgresql/9.5/main'
i-02290982499d0a8b6,1573943301-0,m5d.large,60.2723188400268,10,10,1,TPC-B (sort of),simple,60 s,151436,data_directory = '/var/lib/postgresql/9.5/main'
i-02290982499d0a8b6,1573943301-0,m5d.large,60.2902872562408,10,10,1,TPC-B (sort of),simple,60 s,151795,data_directory = '/var/lib/postgresql/9.5/main'
i-02290982499d0a8b6,1573943301-0,m5d.large,60.2648141384124,10,10,1,TPC-B (sort of),simple,60 s,152358,data_directory = '/var/lib/postgresql/9.5/main'
i-02290982499d0a8b6,1573943301-0,m5d.large,60.2839176654815,10,10,1,TPC-B (sort of),simple,60 s,151998,data_directory = '/var/lib/postgresql/9.5/main'
i-02290982499d0a8b6,1573943301-0,m5d.large,60.2635154724121,10,10,1,TPC-B (sort of),simple,60 s,152291,data_directory = '/var/lib/postgresql/9.5/main'
i-00c650a5bff4bf46c,1573943301-0,m5d.large,60.2918441295623,10,10,1,TPC-B (sort of),simple,60 s,146101,data_directory = '/var/lib/postgresql/9.5/main'
i-00c650a5bff4bf46c,1573943301-0,m5d.large,60.249180316925,10,10,1,TPC-B (sort of),simple,60 s,145745,data_directory = '/var/lib/postgresql/9.5/main'
i-00c650a5bff4bf46c,1573943301-0,m5d.large,60.2923643589019,10,10,1,TPC-B (sort of),simple,60 s,146102,data_directory = '/var/lib/postgresql/9.5/main'
i-00c650a5bff4bf46c,1573943301-0,m5d.large,60.2752866744995,10,10,1,TPC-B (sort of),simple,60 s,146072,data_directory = '/var/lib/postgresql/9.5/main'
i-00c650a5bff4bf46c,1573943301-0,m5d.large,60.3038365840911,10,10,1,TPC-B (sort of),simple,60 s,146079,data_directory = '/var/lib/postgresql/9.5/main'
i-00c650a5bff4bf46c,1573943301-0,m5d.large,60.2618703842163,10,10,1,TPC-B (sort of),simple,60 s,145439,data_directory = '/var/lib/postgresql/9.5/main'
i-00c650a5bff4bf46c,1573943301-0,m5d.large,60.2897078990936,10,10,1,TPC-B (sort of),simple,60 s,146168,data_directory = '/var/lib/postgresql/9.5/main'
i-00c650a5bff4bf46c,1573943301-0,m5d.large,60.2498080730438,10,10,1,TPC-B (sort of),simple,60 s,146254,data_directory = '/var/lib/postgresql/9.5/main'
i-00c650a5bff4bf46c,1573943301-0,m5d.large,60.2721140384674,10,10,1,TPC-B (sort of),simple,60 s,146042,data_directory = '/var/lib/postgresql/9.5/main'
i-00c650a5bff4bf46c,1573943301-0,m5d.large,60.2697021961212,10,10,1,TPC-B (sort of),simple,60 s,145910,data_directory = '/var/lib/postgresql/9.5/main'
i-0ab36265851b2f038,1573943301-0,m5d.large,60.3990397453308,10,10,1,TPC-B (sort of),simple,60 s,143671,data_directory = '/var/lib/postgresql/9.5/main'
i-0ab36265851b2f038,1573943301-0,m5d.large,60.1868395805358,10,10,1,TPC-B (sort of),simple,60 s,143477,data_directory = '/var/lib/postgresql/9.5/main'
i-0ab36265851b2f038,1573943301-0,m5d.large,60.212177991867,10,10,1,TPC-B (sort of),simple,60 s,143688,data_directory = '/var/lib/postgresql/9.5/main'
i-0ab36265851b2f038,1573943301-0,m5d.large,60.193249464035,10,10,1,TPC-B (sort of),simple,60 s,143757,data_directory = '/var/lib/postgresql/9.5/main'
i-0ab36265851b2f038,1573943301-0,m5d.large,60.1758117675781,10,10,1,TPC-B (sort of),simple,60 s,143491,data_directory = '/var/lib/postgresql/9.5/main'
i-0ab36265851b2f038,1573943301-0,m5d.large,60.1772246360778,10,10,1,TPC-B (sort of),simple,60 s,144121,data_directory = '/var/lib/postgresql/9.5/main'
i-0ab36265851b2f038,1573943301-0,m5d.large,60.1796605587005,10,10,1,TPC-B (sort of),simple,60 s,143840,data_directory = '/var/lib/postgresql/9.5/main'
i-0ab36265851b2f038,1573943301-0,m5d.large,60.1796994209289,10,10,1,TPC-B (sort of),simple,60 s,144020,data_directory = '/var/lib/postgresql/9.5/main'
i-0ab36265851b2f038,1573943301-0,m5d.large,60.1729578971862,10,10,1,TPC-B (sort of),simple,60 s,144174,data_directory = '/var/lib/postgresql/9.5/main'
i-0ab36265851b2f038,1573943301-0,m5d.large,60.1753842830657,10,10,1,TPC-B (sort of),simple,60 s,144895,data_directory = '/var/lib/postgresql/9.5/main'
i-0069a2fb2881e526e,1573943301-0,m5d.large,60.3307137489318,10,10,1,TPC-B (sort of),simple,60 s,145283,data_directory = '/var/lib/postgresql/9.5/main'
i-0069a2fb2881e526e,1573943301-0,m5d.large,60.2827172279357,10,10,1,TPC-B (sort of),simple,60 s,145295,data_directory = '/var/lib/postgresql/9.5/main'
i-0069a2fb2881e526e,1573943301-0,m5d.large,60.2490708827972,10,10,1,TPC-B (sort of),simple,60 s,145704,data_directory = '/var/lib/postgresql/9.5/main'
i-0069a2fb2881e526e,1573943301-0,m5d.large,60.2243084907531,10,10,1,TPC-B (sort of),simple,60 s,145307,data_directory = '/var/lib/postgresql/9.5/main'
i-0069a2fb2881e526e,1573943301-0,m5d.large,60.2949285507202,10,10,1,TPC-B (sort of),simple,60 s,145496,data_directory = '/var/lib/postgresql/9.5/main'
i-0069a2fb2881e526e,1573943301-0,m5d.large,60.2248501777648,10,10,1,TPC-B (sort of),simple,60 s,145785,data_directory = '/var/lib/postgresql/9.5/main'
i-0069a2fb2881e526e,1573943301-0,m5d.large,60.2698831558227,10,10,1,TPC-B (sort of),simple,60 s,145547,data_directory = '/var/lib/postgresql/9.5/main'
i-0069a2fb2881e526e,1573943301-0,m5d.large,60.2689416408538,10,10,1,TPC-B (sort of),simple,60 s,145427,data_directory = '/var/lib/postgresql/9.5/main'
i-0069a2fb2881e526e,1573943301-0,m5d.large,60.2614850997924,10,10,1,TPC-B (sort of),simple,60 s,145933,data_directory = '/var/lib/postgresql/9.5/main'
i-0069a2fb2881e526e,1573943301-0,m5d.large,60.2788178920745,10,10,1,TPC-B (sort of),simple,60 s,145863,data_directory = '/var/lib/postgresql/9.5/main'
i-0096e0731defa5bcf,1573943301-0,m5d.large,60.4318671226501,10,10,1,TPC-B (sort of),simple,60 s,144424,data_directory = '/var/lib/postgresql/9.5/main'
i-0096e0731defa5bcf,1573943301-0,m5d.large,60.2470989227294,10,10,1,TPC-B (sort of),simple,60 s,144485,data_directory = '/var/lib/postgresql/9.5/main'
i-0096e0731defa5bcf,1573943301-0,m5d.large,60.2334241867065,10,10,1,TPC-B (sort of),simple,60 s,144502,data_directory = '/var/lib/postgresql/9.5/main'
i-0096e0731defa5bcf,1573943301-0,m5d.large,60.2210450172424,10,10,1,TPC-B (sort of),simple,60 s,144034,data_directory = '/var/lib/postgresql/9.5/main'
i-0096e0731defa5bcf,1573943301-0,m5d.large,60.234317779541,10,10,1,TPC-B (sort of),simple,60 s,143824,data_directory = '/var/lib/postgresql/9.5/main'
i-0096e0731defa5bcf,1573943301-0,m5d.large,60.2259647846221,10,10,1,TPC-B (sort of),simple,60 s,144222,data_directory = '/var/lib/postgresql/9.5/main'
i-0096e0731defa5bcf,1573943301-0,m5d.large,60.2372751235961,10,10,1,TPC-B (sort of),simple,60 s,144657,data_directory = '/var/lib/postgresql/9.5/main'
i-0096e0731defa5bcf,1573943301-0,m5d.large,60.2349412441253,10,10,1,TPC-B (sort of),simple,60 s,144910,data_directory = '/var/lib/postgresql/9.5/main'
i-0096e0731defa5bcf,1573943301-0,m5d.large,60.2480821609497,10,10,1,TPC-B (sort of),simple,60 s,144748,data_directory = '/var/lib/postgresql/9.5/main'
i-0096e0731defa5bcf,1573943301-0,m5d.large,60.2605519294738,10,10,1,TPC-B (sort of),simple,60 s,144710,data_directory = '/var/lib/postgresql/9.5/main'
i-0a6946be11150d3cf,1573943301-0,m5d.large,60.4168155193328,10,10,1,TPC-B (sort of),simple,60 s,145137,data_directory = '/var/lib/postgresql/9.5/main'
i-0a6946be11150d3cf,1573943301-0,m5d.large,60.3177754878997,10,10,1,TPC-B (sort of),simple,60 s,145017,data_directory = '/var/lib/postgresql/9.5/main'
i-0a6946be11150d3cf,1573943301-0,m5d.large,60.2638957500457,10,10,1,TPC-B (sort of),simple,60 s,144932,data_directory = '/var/lib/postgresql/9.5/main'
i-0a6946be11150d3cf,1573943301-0,m5d.large,60.269323348999,10,10,1,TPC-B (sort of),simple,60 s,144597,data_directory = '/var/lib/postgresql/9.5/main'
i-0a6946be11150d3cf,1573943301-0,m5d.large,60.2654995918273,10,10,1,TPC-B (sort of),simple,60 s,145032,data_directory = '/var/lib/postgresql/9.5/main'
i-0a6946be11150d3cf,1573943301-0,m5d.large,60.2193598747253,10,10,1,TPC-B (sort of),simple,60 s,145181,data_directory = '/var/lib/postgresql/9.5/main'
i-0a6946be11150d3cf,1573943301-0,m5d.large,60.2207713127136,10,10,1,TPC-B (sort of),simple,60 s,145053,data_directory = '/var/lib/postgresql/9.5/main'
i-0a6946be11150d3cf,1573943301-0,m5d.large,60.2594563961029,10,10,1,TPC-B (sort of),simple,60 s,145209,data_directory = '/var/lib/postgresql/9.5/main'
i-0a6946be11150d3cf,1573943301-0,m5d.large,60.2308084964752,10,10,1,TPC-B (sort of),simple,60 s,145147,data_directory = '/var/lib/postgresql/9.5/main'
i-0a6946be11150d3cf,1573943301-0,m5d.large,60.2384469509124,10,10,1,TPC-B (sort of),simple,60 s,145154,data_directory = '/var/lib/postgresql/9.5/main'
i-09ed11454ccbcef8f,1573943301-0,m5d.large,60.2640807628631,10,10,1,TPC-B (sort of),simple,60 s,156751,data_directory = '/var/lib/postgresql/9.5/main'
i-09ed11454ccbcef8f,1573943301-0,m5d.large,60.1728925704956,10,10,1,TPC-B (sort of),simple,60 s,156520,data_directory = '/var/lib/postgresql/9.5/main'
i-09ed11454ccbcef8f,1573943301-0,m5d.large,60.158896446228,10,10,1,TPC-B (sort of),simple,60 s,155830,data_directory = '/var/lib/postgresql/9.5/main'
i-09ed11454ccbcef8f,1573943301-0,m5d.large,60.157250881195,10,10,1,TPC-B (sort of),simple,60 s,156072,data_directory = '/var/lib/postgresql/9.5/main'
i-09ed11454ccbcef8f,1573943301-0,m5d.large,60.2555491924285,10,10,1,TPC-B (sort of),simple,60 s,157115,data_directory = '/var/lib/postgresql/9.5/main'
i-09ed11454ccbcef8f,1573943301-0,m5d.large,60.1577398777008,10,10,1,TPC-B (sort of),simple,60 s,157279,data_directory = '/var/lib/postgresql/9.5/main'
i-09ed11454ccbcef8f,1573943301-0,m5d.large,60.1549484729766,10,10,1,TPC-B (sort of),simple,60 s,157232,data_directory = '/var/lib/postgresql/9.5/main'
i-09ed11454ccbcef8f,1573943301-0,m5d.large,60.1650366783142,10,10,1,TPC-B (sort of),simple,60 s,156904,data_directory = '/var/lib/postgresql/9.5/main'
i-09ed11454ccbcef8f,1573943301-0,m5d.large,60.1568095684051,10,10,1,TPC-B (sort of),simple,60 s,157420,data_directory = '/var/lib/postgresql/9.5/main'
i-09ed11454ccbcef8f,1573943301-0,m5d.large,60.1590418815612,10,10,1,TPC-B (sort of),simple,60 s,157238,data_directory = '/var/lib/postgresql/9.5/main'
i-08f094191c88c5263,1573943301-0,m5d.large,60.3558695316314,10,10,1,TPC-B (sort of),simple,60 s,167023,data_directory = '/var/lib/postgresql/9.5/main'
i-08f094191c88c5263,1573943301-0,m5d.large,60.3660242557525,10,10,1,TPC-B (sort of),simple,60 s,166967,data_directory = '/var/lib/postgresql/9.5/main'
i-08f094191c88c5263,1573943301-0,m5d.large,60.2518000602722,10,10,1,TPC-B (sort of),simple,60 s,167308,data_directory = '/var/lib/postgresql/9.5/main'
i-08f094191c88c5263,1573943301-0,m5d.large,60.2221615314483,10,10,1,TPC-B (sort of),simple,60 s,167969,data_directory = '/var/lib/postgresql/9.5/main'
i-08f094191c88c5263,1573943301-0,m5d.large,60.2140750885009,10,10,1,TPC-B (sort of),simple,60 s,167897,data_directory = '/var/lib/postgresql/9.5/main'
i-08f094191c88c5263,1573943301-0,m5d.large,60.2272689342498,10,10,1,TPC-B (sort of),simple,60 s,168073,data_directory = '/var/lib/postgresql/9.5/main'
i-08f094191c88c5263,1573943301-0,m5d.large,60.2102704048156,10,10,1,TPC-B (sort of),simple,60 s,167837,data_directory = '/var/lib/postgresql/9.5/main'
i-08f094191c88c5263,1573943301-0,m5d.large,60.2414572238922,10,10,1,TPC-B (sort of),simple,60 s,168184,data_directory = '/var/lib/postgresql/9.5/main'
i-08f094191c88c5263,1573943301-0,m5d.large,60.2408711910247,10,10,1,TPC-B (sort of),simple,60 s,168398,data_directory = '/var/lib/postgresql/9.5/main'
i-08f094191c88c5263,1573943301-0,m5d.large,60.2076280117034,10,10,1,TPC-B (sort of),simple,60 s,168298,data_directory = '/var/lib/postgresql/9.5/main'
i-06f3ded19b65d040f,1573943301-0,m5d.large,60.3459334373474,10,10,1,TPC-B (sort of),simple,60 s,144035,data_directory = '/var/lib/postgresql/9.5/main'
i-06f3ded19b65d040f,1573943301-0,m5d.large,60.2384531497955,10,10,1,TPC-B (sort of),simple,60 s,143554,data_directory = '/var/lib/postgresql/9.5/main'
i-06f3ded19b65d040f,1573943301-0,m5d.large,60.2569861412048,10,10,1,TPC-B (sort of),simple,60 s,143733,data_directory = '/var/lib/postgresql/9.5/main'
i-06f3ded19b65d040f,1573943301-0,m5d.large,60.2734100818634,10,10,1,TPC-B (sort of),simple,60 s,143646,data_directory = '/var/lib/postgresql/9.5/main'
i-06f3ded19b65d040f,1573943301-0,m5d.large,60.2461016178131,10,10,1,TPC-B (sort of),simple,60 s,143895,data_directory = '/var/lib/postgresql/9.5/main'
i-06f3ded19b65d040f,1573943301-0,m5d.large,60.2095992565155,10,10,1,TPC-B (sort of),simple,60 s,143188,data_directory = '/var/lib/postgresql/9.5/main'
i-06f3ded19b65d040f,1573943301-0,m5d.large,60.1923403739929,10,10,1,TPC-B (sort of),simple,60 s,143905,data_directory = '/var/lib/postgresql/9.5/main'
i-06f3ded19b65d040f,1573943301-0,m5d.large,60.2614045143127,10,10,1,TPC-B (sort of),simple,60 s,143536,data_directory = '/var/lib/postgresql/9.5/main'
i-06f3ded19b65d040f,1573943301-0,m5d.large,60.3172523975372,10,10,1,TPC-B (sort of),simple,60 s,143664,data_directory = '/var/lib/postgresql/9.5/main'
i-06f3ded19b65d040f,1573943301-0,m5d.large,60.2624216079711,10,10,1,TPC-B (sort of),simple,60 s,144612,data_directory = '/var/lib/postgresql/9.5/main'
i-0b9926ad5c9938919,1573943301-0,m5d.large,60.3331458568573,10,10,1,TPC-B (sort of),simple,60 s,144199,data_directory = '/var/lib/postgresql/9.5/main'
i-0b9926ad5c9938919,1573943301-0,m5d.large,60.2535429000854,10,10,1,TPC-B (sort of),simple,60 s,144155,data_directory = '/var/lib/postgresql/9.5/main'
i-0b9926ad5c9938919,1573943301-0,m5d.large,60.3988585472106,10,10,1,TPC-B (sort of),simple,60 s,144118,data_directory = '/var/lib/postgresql/9.5/main'
i-0b9926ad5c9938919,1573943301-0,m5d.large,60.2969737052917,10,10,1,TPC-B (sort of),simple,60 s,143817,data_directory = '/var/lib/postgresql/9.5/main'
i-0b9926ad5c9938919,1573943301-0,m5d.large,60.3562941551208,10,10,1,TPC-B (sort of),simple,60 s,144244,data_directory = '/var/lib/postgresql/9.5/main'
i-0b9926ad5c9938919,1573943301-0,m5d.large,60.2454330921173,10,10,1,TPC-B (sort of),simple,60 s,143330,data_directory = '/var/lib/postgresql/9.5/main'
i-0b9926ad5c9938919,1573943301-0,m5d.large,60.2569484710693,10,10,1,TPC-B (sort of),simple,60 s,143861,data_directory = '/var/lib/postgresql/9.5/main'
i-0b9926ad5c9938919,1573943301-0,m5d.large,60.3062567710876,10,10,1,TPC-B (sort of),simple,60 s,143686,data_directory = '/var/lib/postgresql/9.5/main'
i-0b9926ad5c9938919,1573943301-0,m5d.large,60.259886264801,10,10,1,TPC-B (sort of),simple,60 s,144513,data_directory = '/var/lib/postgresql/9.5/main'
i-0b9926ad5c9938919,1573943301-0,m5d.large,60.2630791664123,10,10,1,TPC-B (sort of),simple,60 s,144578,data_directory = '/var/lib/postgresql/9.5/main'
i-04a3348d90ef3a6ac,1573943301-0,m5d.large,60.3463287353515,10,10,1,TPC-B (sort of),simple,60 s,149705,data_directory = '/var/lib/postgresql/9.5/main'
i-04a3348d90ef3a6ac,1573943301-0,m5d.large,60.2678384780883,10,10,1,TPC-B (sort of),simple,60 s,149256,data_directory = '/var/lib/postgresql/9.5/main'
i-04a3348d90ef3a6ac,1573943301-0,m5d.large,60.2537112236022,10,10,1,TPC-B (sort of),simple,60 s,149353,data_directory = '/var/lib/postgresql/9.5/main'
i-04a3348d90ef3a6ac,1573943301-0,m5d.large,60.2551469802856,10,10,1,TPC-B (sort of),simple,60 s,149476,data_directory = '/var/lib/postgresql/9.5/main'
i-04a3348d90ef3a6ac,1573943301-0,m5d.large,60.1723029613494,10,10,1,TPC-B (sort of),simple,60 s,149767,data_directory = '/var/lib/postgresql/9.5/main'
i-04a3348d90ef3a6ac,1573943301-0,m5d.large,60.1750938892364,10,10,1,TPC-B (sort of),simple,60 s,149406,data_directory = '/var/lib/postgresql/9.5/main'
i-04a3348d90ef3a6ac,1573943301-0,m5d.large,60.1623091697692,10,10,1,TPC-B (sort of),simple,60 s,149486,data_directory = '/var/lib/postgresql/9.5/main'
i-04a3348d90ef3a6ac,1573943301-0,m5d.large,60.2149798870086,10,10,1,TPC-B (sort of),simple,60 s,149669,data_directory = '/var/lib/postgresql/9.5/main'
i-04a3348d90ef3a6ac,1573943301-0,m5d.large,60.1595871448516,10,10,1,TPC-B (sort of),simple,60 s,149590,data_directory = '/var/lib/postgresql/9.5/main'
i-04a3348d90ef3a6ac,1573943301-0,m5d.large,60.1667327880859,10,10,1,TPC-B (sort of),simple,60 s,149797,data_directory = '/var/lib/postgresql/9.5/main'
i-0935701764f9af451,1573943301-0,m5d.large,60.4511017799377,10,10,1,TPC-B (sort of),simple,60 s,166388,data_directory = '/var/lib/postgresql/9.5/main'
i-0935701764f9af451,1573943301-0,m5d.large,60.2957847118377,10,10,1,TPC-B (sort of),simple,60 s,165218,data_directory = '/var/lib/postgresql/9.5/main'
i-0935701764f9af451,1573943301-0,m5d.large,60.3537213802337,10,10,1,TPC-B (sort of),simple,60 s,166397,data_directory = '/var/lib/postgresql/9.5/main'
i-0935701764f9af451,1573943301-0,m5d.large,60.2680282592773,10,10,1,TPC-B (sort of),simple,60 s,166383,data_directory = '/var/lib/postgresql/9.5/main'
i-0935701764f9af451,1573943301-0,m5d.large,60.2840414047241,10,10,1,TPC-B (sort of),simple,60 s,165784,data_directory = '/var/lib/postgresql/9.5/main'
i-0935701764f9af451,1573943301-0,m5d.large,60.2789437770843,10,10,1,TPC-B (sort of),simple,60 s,165869,data_directory = '/var/lib/postgresql/9.5/main'
i-0935701764f9af451,1573943301-0,m5d.large,60.2451884746551,10,10,1,TPC-B (sort of),simple,60 s,166064,data_directory = '/var/lib/postgresql/9.5/main'
i-0935701764f9af451,1573943301-0,m5d.large,60.2334356307983,10,10,1,TPC-B (sort of),simple,60 s,166331,data_directory = '/var/lib/postgresql/9.5/main'
i-0935701764f9af451,1573943301-0,m5d.large,60.239197731018,10,10,1,TPC-B (sort of),simple,60 s,166606,data_directory = '/var/lib/postgresql/9.5/main'
i-0935701764f9af451,1573943301-0,m5d.large,60.2278532981872,10,10,1,TPC-B (sort of),simple,60 s,166496,data_directory = '/var/lib/postgresql/9.5/main'
i-0260e33164c158580,1573943301-0,m5d.large,60.186014175415,10,10,1,TPC-B (sort of),simple,60 s,160954,data_directory = '/var/lib/postgresql/9.5/main'
i-0260e33164c158580,1573943301-0,m5d.large,60.1507060527801,10,10,1,TPC-B (sort of),simple,60 s,152649,data_directory = '/var/lib/postgresql/9.5/main'
i-0260e33164c158580,1573943301-0,m5d.large,60.1559886932373,10,10,1,TPC-B (sort of),simple,60 s,148658,data_directory = '/var/lib/postgresql/9.5/main'
i-0260e33164c158580,1573943301-0,m5d.large,60.1553974151611,10,10,1,TPC-B (sort of),simple,60 s,149190,data_directory = '/var/lib/postgresql/9.5/main'
i-0260e33164c158580,1573943301-0,m5d.large,60.1520252227783,10,10,1,TPC-B (sort of),simple,60 s,148636,data_directory = '/var/lib/postgresql/9.5/main'
i-0260e33164c158580,1573943301-0,m5d.large,60.1572525501251,10,10,1,TPC-B (sort of),simple,60 s,149129,data_directory = '/var/lib/postgresql/9.5/main'
i-0260e33164c158580,1573943301-0,m5d.large,60.1532053947448,10,10,1,TPC-B (sort of),simple,60 s,149195,data_directory = '/var/lib/postgresql/9.5/main'
i-0260e33164c158580,1573943301-0,m5d.large,60.1567184925079,10,10,1,TPC-B (sort of),simple,60 s,149472,data_directory = '/var/lib/postgresql/9.5/main'
i-0260e33164c158580,1573943301-0,m5d.large,60.1548955440521,10,10,1,TPC-B (sort of),simple,60 s,149092,data_directory = '/var/lib/postgresql/9.5/main'
i-0260e33164c158580,1573943301-0,m5d.large,60.1555550098419,10,10,1,TPC-B (sort of),simple,60 s,148966,data_directory = '/var/lib/postgresql/9.5/main'
i-0734e46ea93248b96,1573943301-0,m5d.large,60.3832862377166,10,10,1,TPC-B (sort of),simple,60 s,167711,data_directory = '/var/lib/postgresql/9.5/main'
i-0734e46ea93248b96,1573943301-0,m5d.large,60.2065207958221,10,10,1,TPC-B (sort of),simple,60 s,167411,data_directory = '/var/lib/postgresql/9.5/main'
i-0734e46ea93248b96,1573943301-0,m5d.large,60.2491295337677,10,10,1,TPC-B (sort of),simple,60 s,167545,data_directory = '/var/lib/postgresql/9.5/main'
i-0734e46ea93248b96,1573943301-0,m5d.large,60.3470439910888,10,10,1,TPC-B (sort of),simple,60 s,167233,data_directory = '/var/lib/postgresql/9.5/main'
i-0734e46ea93248b96,1573943301-0,m5d.large,60.3241562843322,10,10,1,TPC-B (sort of),simple,60 s,167862,data_directory = '/var/lib/postgresql/9.5/main'
i-0734e46ea93248b96,1573943301-0,m5d.large,60.2197570800781,10,10,1,TPC-B (sort of),simple,60 s,167038,data_directory = '/var/lib/postgresql/9.5/main'
i-0734e46ea93248b96,1573943301-0,m5d.large,60.2278697490692,10,10,1,TPC-B (sort of),simple,60 s,167555,data_directory = '/var/lib/postgresql/9.5/main'
i-0734e46ea93248b96,1573943301-0,m5d.large,60.319837808609,10,10,1,TPC-B (sort of),simple,60 s,167402,data_directory = '/var/lib/postgresql/9.5/main'
i-0734e46ea93248b96,1573943301-0,m5d.large,60.2202041149139,10,10,1,TPC-B (sort of),simple,60 s,167842,data_directory = '/var/lib/postgresql/9.5/main'
i-0734e46ea93248b96,1573943301-0,m5d.large,60.2136948108673,10,10,1,TPC-B (sort of),simple,60 s,167766,data_directory = '/var/lib/postgresql/9.5/main'
i-0431f5b0ba4f686c8,1573943301-0,m5d.large,60.2878248691558,10,10,1,TPC-B (sort of),simple,60 s,158649,data_directory = '/var/lib/postgresql/9.5/main'
i-0431f5b0ba4f686c8,1573943301-0,m5d.large,60.1648750305175,10,10,1,TPC-B (sort of),simple,60 s,158256,data_directory = '/var/lib/postgresql/9.5/main'
i-0431f5b0ba4f686c8,1573943301-0,m5d.large,60.1717538833618,10,10,1,TPC-B (sort of),simple,60 s,157645,data_directory = '/var/lib/postgresql/9.5/main'
i-0431f5b0ba4f686c8,1573943301-0,m5d.large,60.1664645671844,10,10,1,TPC-B (sort of),simple,60 s,158273,data_directory = '/var/lib/postgresql/9.5/main'
i-0431f5b0ba4f686c8,1573943301-0,m5d.large,60.1787271499633,10,10,1,TPC-B (sort of),simple,60 s,158964,data_directory = '/var/lib/postgresql/9.5/main'
i-0431f5b0ba4f686c8,1573943301-0,m5d.large,60.1692841053009,10,10,1,TPC-B (sort of),simple,60 s,159474,data_directory = '/var/lib/postgresql/9.5/main'
i-0431f5b0ba4f686c8,1573943301-0,m5d.large,60.1660072803497,10,10,1,TPC-B (sort of),simple,60 s,159597,data_directory = '/var/lib/postgresql/9.5/main'
i-0431f5b0ba4f686c8,1573943301-0,m5d.large,60.1644632816314,10,10,1,TPC-B (sort of),simple,60 s,159298,data_directory = '/var/lib/postgresql/9.5/main'
i-0431f5b0ba4f686c8,1573943301-0,m5d.large,60.1652448177337,10,10,1,TPC-B (sort of),simple,60 s,159776,data_directory = '/var/lib/postgresql/9.5/main'
i-0431f5b0ba4f686c8,1573943301-0,m5d.large,60.168613910675,10,10,1,TPC-B (sort of),simple,60 s,159656,data_directory = '/var/lib/postgresql/9.5/main'
i-0859c1efd18620040,1573943301-0,m5d.large,60.1903750896453,10,10,1,TPC-B (sort of),simple,60 s,166438,data_directory = '/var/lib/postgresql/9.5/main'
i-0859c1efd18620040,1573943301-0,m5d.large,60.1790969371795,10,10,1,TPC-B (sort of),simple,60 s,165882,data_directory = '/var/lib/postgresql/9.5/main'
i-0859c1efd18620040,1573943301-0,m5d.large,60.1843252182006,10,10,1,TPC-B (sort of),simple,60 s,166887,data_directory = '/var/lib/postgresql/9.5/main'
i-0859c1efd18620040,1573943301-0,m5d.large,60.1746048927307,10,10,1,TPC-B (sort of),simple,60 s,166806,data_directory = '/var/lib/postgresql/9.5/main'
i-0859c1efd18620040,1573943301-0,m5d.large,60.1751120090484,10,10,1,TPC-B (sort of),simple,60 s,166389,data_directory = '/var/lib/postgresql/9.5/main'
i-0859c1efd18620040,1573943301-0,m5d.large,60.1696152687072,10,10,1,TPC-B (sort of),simple,60 s,166069,data_directory = '/var/lib/postgresql/9.5/main'
i-0859c1efd18620040,1573943301-0,m5d.large,60.166808605194,10,10,1,TPC-B (sort of),simple,60 s,166315,data_directory = '/var/lib/postgresql/9.5/main'
i-0859c1efd18620040,1573943301-0,m5d.large,60.1641232967376,10,10,1,TPC-B (sort of),simple,60 s,167169,data_directory = '/var/lib/postgresql/9.5/main'
i-0859c1efd18620040,1573943301-0,m5d.large,60.1707060337066,10,10,1,TPC-B (sort of),simple,60 s,167092,data_directory = '/var/lib/postgresql/9.5/main'
i-0859c1efd18620040,1573943301-0,m5d.large,60.1715638637542,10,10,1,TPC-B (sort of),simple,60 s,166768,data_directory = '/var/lib/postgresql/9.5/main'
i-097c3e46dcf390d8a,1573943301-0,m5d.large,60.1828653812408,10,10,1,TPC-B (sort of),simple,60 s,164082,data_directory = '/var/lib/postgresql/9.5/main'
i-097c3e46dcf390d8a,1573943301-0,m5d.large,60.1657545566558,10,10,1,TPC-B (sort of),simple,60 s,164929,data_directory = '/var/lib/postgresql/9.5/main'
i-097c3e46dcf390d8a,1573943301-0,m5d.large,60.1614747047424,10,10,1,TPC-B (sort of),simple,60 s,164624,data_directory = '/var/lib/postgresql/9.5/main'
i-097c3e46dcf390d8a,1573943301-0,m5d.large,60.1454644203186,10,10,1,TPC-B (sort of),simple,60 s,164593,data_directory = '/var/lib/postgresql/9.5/main'
i-097c3e46dcf390d8a,1573943301-0,m5d.large,60.1582486629486,10,10,1,TPC-B (sort of),simple,60 s,165170,data_directory = '/var/lib/postgresql/9.5/main'
i-097c3e46dcf390d8a,1573943301-0,m5d.large,60.1341807842254,10,10,1,TPC-B (sort of),simple,60 s,165051,data_directory = '/var/lib/postgresql/9.5/main'
i-097c3e46dcf390d8a,1573943301-0,m5d.large,60.1274468898773,10,10,1,TPC-B (sort of),simple,60 s,164932,data_directory = '/var/lib/postgresql/9.5/main'
i-097c3e46dcf390d8a,1573943301-0,m5d.large,60.1265048980712,10,10,1,TPC-B (sort of),simple,60 s,164876,data_directory = '/var/lib/postgresql/9.5/main'
i-097c3e46dcf390d8a,1573943301-0,m5d.large,60.1512095928192,10,10,1,TPC-B (sort of),simple,60 s,164818,data_directory = '/var/lib/postgresql/9.5/main'
i-097c3e46dcf390d8a,1573943301-0,m5d.large,60.1365206241607,10,10,1,TPC-B (sort of),simple,60 s,164942,data_directory = '/var/lib/postgresql/9.5/main'
i-0e2bba3028e57b933,1573943301-0,m5d.large,60.2407596111297,10,10,1,TPC-B (sort of),simple,60 s,158420,data_directory = '/var/lib/postgresql/9.5/main'
i-0e2bba3028e57b933,1573943301-0,m5d.large,60.1762256622314,10,10,1,TPC-B (sort of),simple,60 s,157397,data_directory = '/var/lib/postgresql/9.5/main'
i-0e2bba3028e57b933,1573943301-0,m5d.large,60.1810672283172,10,10,1,TPC-B (sort of),simple,60 s,157351,data_directory = '/var/lib/postgresql/9.5/main'
i-0e2bba3028e57b933,1573943301-0,m5d.large,60.1816182136535,10,10,1,TPC-B (sort of),simple,60 s,158225,data_directory = '/var/lib/postgresql/9.5/main'
i-0e2bba3028e57b933,1573943301-0,m5d.large,60.1792917251586,10,10,1,TPC-B (sort of),simple,60 s,158294,data_directory = '/var/lib/postgresql/9.5/main'
i-0e2bba3028e57b933,1573943301-0,m5d.large,60.1768140792846,10,10,1,TPC-B (sort of),simple,60 s,158140,data_directory = '/var/lib/postgresql/9.5/main'
i-0e2bba3028e57b933,1573943301-0,m5d.large,60.1746258735656,10,10,1,TPC-B (sort of),simple,60 s,157264,data_directory = '/var/lib/postgresql/9.5/main'
i-0e2bba3028e57b933,1573943301-0,m5d.large,60.178596496582,10,10,1,TPC-B (sort of),simple,60 s,157774,data_directory = '/var/lib/postgresql/9.5/main'
i-0e2bba3028e57b933,1573943301-0,m5d.large,60.1792867183685,10,10,1,TPC-B (sort of),simple,60 s,158636,data_directory = '/var/lib/postgresql/9.5/main'
i-0e2bba3028e57b933,1573943301-0,m5d.large,60.2865769863128,10,10,1,TPC-B (sort of),simple,60 s,158609,data_directory = '/var/lib/postgresql/9.5/main'
i-0fe52617ed49f921d,1573943301-0,m5d.large,60.4741559028625,10,10,1,TPC-B (sort of),simple,60 s,141890,data_directory = '/var/lib/postgresql/9.5/main'
i-0fe52617ed49f921d,1573943301-0,m5d.large,60.2859630584716,10,10,1,TPC-B (sort of),simple,60 s,141855,data_directory = '/var/lib/postgresql/9.5/main'
i-0fe52617ed49f921d,1573943301-0,m5d.large,60.2748284339904,10,10,1,TPC-B (sort of),simple,60 s,141997,data_directory = '/var/lib/postgresql/9.5/main'
i-0fe52617ed49f921d,1573943301-0,m5d.large,60.2729952335357,10,10,1,TPC-B (sort of),simple,60 s,142271,data_directory = '/var/lib/postgresql/9.5/main'
i-0fe52617ed49f921d,1573943301-0,m5d.large,60.1759941577911,10,10,1,TPC-B (sort of),simple,60 s,142142,data_directory = '/var/lib/postgresql/9.5/main'
i-0fe52617ed49f921d,1573943301-0,m5d.large,60.1809659004211,10,10,1,TPC-B (sort of),simple,60 s,142495,data_directory = '/var/lib/postgresql/9.5/main'
i-0fe52617ed49f921d,1573943301-0,m5d.large,60.1772534847259,10,10,1,TPC-B (sort of),simple,60 s,141840,data_directory = '/var/lib/postgresql/9.5/main'
i-0fe52617ed49f921d,1573943301-0,m5d.large,60.1744606494903,10,10,1,TPC-B (sort of),simple,60 s,142634,data_directory = '/var/lib/postgresql/9.5/main'
i-0fe52617ed49f921d,1573943301-0,m5d.large,60.1803257465362,10,10,1,TPC-B (sort of),simple,60 s,142592,data_directory = '/var/lib/postgresql/9.5/main'
i-0fe52617ed49f921d,1573943301-0,m5d.large,60.1784374713897,10,10,1,TPC-B (sort of),simple,60 s,142514,data_directory = '/var/lib/postgresql/9.5/main'
i-0ff32a7bce1e3a734,1573943301-0,m5d.large,60.1995785236358,10,10,1,TPC-B (sort of),simple,60 s,150541,data_directory = '/var/lib/postgresql/9.5/main'
i-0ff32a7bce1e3a734,1573943301-0,m5d.large,60.1834936141967,10,10,1,TPC-B (sort of),simple,60 s,147872,data_directory = '/var/lib/postgresql/9.5/main'
i-0ff32a7bce1e3a734,1573943301-0,m5d.large,60.1881079673767,10,10,1,TPC-B (sort of),simple,60 s,146525,data_directory = '/var/lib/postgresql/9.5/main'
i-0ff32a7bce1e3a734,1573943301-0,m5d.large,60.1799743175506,10,10,1,TPC-B (sort of),simple,60 s,147125,data_directory = '/var/lib/postgresql/9.5/main'
i-0ff32a7bce1e3a734,1573943301-0,m5d.large,60.1887483596801,10,10,1,TPC-B (sort of),simple,60 s,146899,data_directory = '/var/lib/postgresql/9.5/main'
i-0ff32a7bce1e3a734,1573943301-0,m5d.large,60.1605198383331,10,10,1,TPC-B (sort of),simple,60 s,146719,data_directory = '/var/lib/postgresql/9.5/main'
i-0ff32a7bce1e3a734,1573943301-0,m5d.large,60.1458711624145,10,10,1,TPC-B (sort of),simple,60 s,146747,data_directory = '/var/lib/postgresql/9.5/main'
i-0ff32a7bce1e3a734,1573943301-0,m5d.large,60.15318775177,10,10,1,TPC-B (sort of),simple,60 s,148017,data_directory = '/var/lib/postgresql/9.5/main'
i-0ff32a7bce1e3a734,1573943301-0,m5d.large,60.1413547992706,10,10,1,TPC-B (sort of),simple,60 s,150461,data_directory = '/var/lib/postgresql/9.5/main'
i-0ff32a7bce1e3a734,1573943301-0,m5d.large,60.1451072692871,10,10,1,TPC-B (sort of),simple,60 s,150663,data_directory = '/var/lib/postgresql/9.5/main'
i-0b9ff58588e16d551,1573943301-0,m5d.large,60.3471064567565,10,10,1,TPC-B (sort of),simple,60 s,144168,data_directory = '/var/lib/postgresql/9.5/main'
i-0b9ff58588e16d551,1573943301-0,m5d.large,60.263961315155,10,10,1,TPC-B (sort of),simple,60 s,144286,data_directory = '/var/lib/postgresql/9.5/main'
i-0b9ff58588e16d551,1573943301-0,m5d.large,60.2389795780181,10,10,1,TPC-B (sort of),simple,60 s,144268,data_directory = '/var/lib/postgresql/9.5/main'
i-0b9ff58588e16d551,1573943301-0,m5d.large,60.268588066101,10,10,1,TPC-B (sort of),simple,60 s,144589,data_directory = '/var/lib/postgresql/9.5/main'
i-0b9ff58588e16d551,1573943301-0,m5d.large,60.2999665737152,10,10,1,TPC-B (sort of),simple,60 s,144222,data_directory = '/var/lib/postgresql/9.5/main'
i-0b9ff58588e16d551,1573943301-0,m5d.large,60.2767581939697,10,10,1,TPC-B (sort of),simple,60 s,144064,data_directory = '/var/lib/postgresql/9.5/main'
i-0b9ff58588e16d551,1573943301-0,m5d.large,60.1695194244384,10,10,1,TPC-B (sort of),simple,60 s,143957,data_directory = '/var/lib/postgresql/9.5/main'
i-0b9ff58588e16d551,1573943301-0,m5d.large,60.1635644435882,10,10,1,TPC-B (sort of),simple,60 s,143953,data_directory = '/var/lib/postgresql/9.5/main'
i-0b9ff58588e16d551,1573943301-0,m5d.large,60.1658639907836,10,10,1,TPC-B (sort of),simple,60 s,143939,data_directory = '/var/lib/postgresql/9.5/main'
i-0b9ff58588e16d551,1573943301-0,m5d.large,60.2008211612701,10,10,1,TPC-B (sort of),simple,60 s,143892,data_directory = '/var/lib/postgresql/9.5/main'
i-00b268a4ae508cf2f,1573943301-0,m5d.large,60.172602891922,10,10,1,TPC-B (sort of),simple,60 s,161272,data_directory = '/var/lib/postgresql/9.5/main'
i-00b268a4ae508cf2f,1573943301-0,m5d.large,60.1642980575561,10,10,1,TPC-B (sort of),simple,60 s,151868,data_directory = '/var/lib/postgresql/9.5/main'
i-00b268a4ae508cf2f,1573943301-0,m5d.large,60.1695430278778,10,10,1,TPC-B (sort of),simple,60 s,148989,data_directory = '/var/lib/postgresql/9.5/main'
i-00b268a4ae508cf2f,1573943301-0,m5d.large,60.1724996566772,10,10,1,TPC-B (sort of),simple,60 s,149352,data_directory = '/var/lib/postgresql/9.5/main'
i-00b268a4ae508cf2f,1573943301-0,m5d.large,60.1714441776275,10,10,1,TPC-B (sort of),simple,60 s,149245,data_directory = '/var/lib/postgresql/9.5/main'
i-00b268a4ae508cf2f,1573943301-0,m5d.large,60.1726629734039,10,10,1,TPC-B (sort of),simple,60 s,149110,data_directory = '/var/lib/postgresql/9.5/main'
i-00b268a4ae508cf2f,1573943301-0,m5d.large,60.1665296554565,10,10,1,TPC-B (sort of),simple,60 s,149718,data_directory = '/var/lib/postgresql/9.5/main'
i-00b268a4ae508cf2f,1573943301-0,m5d.large,60.1772134304046,10,10,1,TPC-B (sort of),simple,60 s,149680,data_directory = '/var/lib/postgresql/9.5/main'
i-00b268a4ae508cf2f,1573943301-0,m5d.large,60.1690943241119,10,10,1,TPC-B (sort of),simple,60 s,149538,data_directory = '/var/lib/postgresql/9.5/main'
i-00b268a4ae508cf2f,1573943301-0,m5d.large,60.1729347705841,10,10,1,TPC-B (sort of),simple,60 s,149693,data_directory = '/var/lib/postgresql/9.5/main'
i-0564c4e163025661e,1573943301-0,m5d.large,60.5100882053375,10,10,1,TPC-B (sort of),simple,60 s,151420,data_directory = '/var/lib/postgresql/9.5/main'
i-0564c4e163025661e,1573943301-0,m5d.large,60.3088707923889,10,10,1,TPC-B (sort of),simple,60 s,147472,data_directory = '/var/lib/postgresql/9.5/main'
i-0564c4e163025661e,1573943301-0,m5d.large,60.331006526947,10,10,1,TPC-B (sort of),simple,60 s,146770,data_directory = '/var/lib/postgresql/9.5/main'
i-0564c4e163025661e,1573943301-0,m5d.large,60.2873556613922,10,10,1,TPC-B (sort of),simple,60 s,148221,data_directory = '/var/lib/postgresql/9.5/main'
i-0564c4e163025661e,1573943301-0,m5d.large,60.247653722763,10,10,1,TPC-B (sort of),simple,60 s,148128,data_directory = '/var/lib/postgresql/9.5/main'
i-0564c4e163025661e,1573943301-0,m5d.large,60.2819256782531,10,10,1,TPC-B (sort of),simple,60 s,147957,data_directory = '/var/lib/postgresql/9.5/main'
i-0564c4e163025661e,1573943301-0,m5d.large,60.2709393501281,10,10,1,TPC-B (sort of),simple,60 s,148224,data_directory = '/var/lib/postgresql/9.5/main'
i-0564c4e163025661e,1573943301-0,m5d.large,60.3263819217681,10,10,1,TPC-B (sort of),simple,60 s,150007,data_directory = '/var/lib/postgresql/9.5/main'
i-0564c4e163025661e,1573943301-0,m5d.large,60.2753715515136,10,10,1,TPC-B (sort of),simple,60 s,151813,data_directory = '/var/lib/postgresql/9.5/main'
i-0564c4e163025661e,1573943301-0,m5d.large,60.2540156841278,10,10,1,TPC-B (sort of),simple,60 s,152001,data_directory = '/var/lib/postgresql/9.5/main'
i-07aba7fdbc894c5fb,1573943301-0,m5d.large,60.1983935832977,10,10,1,TPC-B (sort of),simple,60 s,155518,data_directory = '/var/lib/postgresql/9.5/main'
i-07aba7fdbc894c5fb,1573943301-0,m5d.large,60.1861379146575,10,10,1,TPC-B (sort of),simple,60 s,155062,data_directory = '/var/lib/postgresql/9.5/main'
i-07aba7fdbc894c5fb,1573943301-0,m5d.large,60.183275938034,10,10,1,TPC-B (sort of),simple,60 s,154608,data_directory = '/var/lib/postgresql/9.5/main'
i-07aba7fdbc894c5fb,1573943301-0,m5d.large,60.1900701522827,10,10,1,TPC-B (sort of),simple,60 s,154990,data_directory = '/var/lib/postgresql/9.5/main'
i-07aba7fdbc894c5fb,1573943301-0,m5d.large,60.179639339447,10,10,1,TPC-B (sort of),simple,60 s,155612,data_directory = '/var/lib/postgresql/9.5/main'
i-07aba7fdbc894c5fb,1573943301-0,m5d.large,60.1836919784545,10,10,1,TPC-B (sort of),simple,60 s,155323,data_directory = '/var/lib/postgresql/9.5/main'
i-07aba7fdbc894c5fb,1573943301-0,m5d.large,60.1797034740448,10,10,1,TPC-B (sort of),simple,60 s,155450,data_directory = '/var/lib/postgresql/9.5/main'
i-07aba7fdbc894c5fb,1573943301-0,m5d.large,60.1817932128906,10,10,1,TPC-B (sort of),simple,60 s,155193,data_directory = '/var/lib/postgresql/9.5/main'
i-07aba7fdbc894c5fb,1573943301-0,m5d.large,60.182849407196,10,10,1,TPC-B (sort of),simple,60 s,155478,data_directory = '/var/lib/postgresql/9.5/main'
i-07aba7fdbc894c5fb,1573943301-0,m5d.large,60.1793532371521,10,10,1,TPC-B (sort of),simple,60 s,155447,data_directory = '/var/lib/postgresql/9.5/main'
i-0330f8e04fb45f4ac,1573943301-0,m5d.large,60.2823667526245,10,10,1,TPC-B (sort of),simple,60 s,149243,data_directory = '/var/lib/postgresql/9.5/main'
i-0330f8e04fb45f4ac,1573943301-0,m5d.large,60.2090990543365,10,10,1,TPC-B (sort of),simple,60 s,146770,data_directory = '/var/lib/postgresql/9.5/main'
i-0330f8e04fb45f4ac,1573943301-0,m5d.large,60.1815085411071,10,10,1,TPC-B (sort of),simple,60 s,145304,data_directory = '/var/lib/postgresql/9.5/main'
i-0330f8e04fb45f4ac,1573943301-0,m5d.large,60.1769790649414,10,10,1,TPC-B (sort of),simple,60 s,145483,data_directory = '/var/lib/postgresql/9.5/main'
i-0330f8e04fb45f4ac,1573943301-0,m5d.large,60.1819512844085,10,10,1,TPC-B (sort of),simple,60 s,145661,data_directory = '/var/lib/postgresql/9.5/main'
i-0330f8e04fb45f4ac,1573943301-0,m5d.large,60.1764340400695,10,10,1,TPC-B (sort of),simple,60 s,145835,data_directory = '/var/lib/postgresql/9.5/main'
i-0330f8e04fb45f4ac,1573943301-0,m5d.large,60.1780705451965,10,10,1,TPC-B (sort of),simple,60 s,145597,data_directory = '/var/lib/postgresql/9.5/main'
i-0330f8e04fb45f4ac,1573943301-0,m5d.large,60.1799652576446,10,10,1,TPC-B (sort of),simple,60 s,146982,data_directory = '/var/lib/postgresql/9.5/main'
i-0330f8e04fb45f4ac,1573943301-0,m5d.large,60.1908950805664,10,10,1,TPC-B (sort of),simple,60 s,149306,data_directory = '/var/lib/postgresql/9.5/main'
i-0330f8e04fb45f4ac,1573943301-0,m5d.large,60.1798446178436,10,10,1,TPC-B (sort of),simple,60 s,149438,data_directory = '/var/lib/postgresql/9.5/main'
i-0314d213ca75d492b,1573943301-0,m5d.large,60.2834496498107,10,10,1,TPC-B (sort of),simple,60 s,142005,data_directory = '/var/lib/postgresql/9.5/main'
i-0314d213ca75d492b,1573943301-0,m5d.large,60.1791424751281,10,10,1,TPC-B (sort of),simple,60 s,141767,data_directory = '/var/lib/postgresql/9.5/main'
i-0314d213ca75d492b,1573943301-0,m5d.large,60.1815016269683,10,10,1,TPC-B (sort of),simple,60 s,142266,data_directory = '/var/lib/postgresql/9.5/main'
i-0314d213ca75d492b,1573943301-0,m5d.large,60.1780378818511,10,10,1,TPC-B (sort of),simple,60 s,142378,data_directory = '/var/lib/postgresql/9.5/main'
i-0314d213ca75d492b,1573943301-0,m5d.large,60.1786344051361,10,10,1,TPC-B (sort of),simple,60 s,142388,data_directory = '/var/lib/postgresql/9.5/main'
i-0314d213ca75d492b,1573943301-0,m5d.large,60.2376713752746,10,10,1,TPC-B (sort of),simple,60 s,142377,data_directory = '/var/lib/postgresql/9.5/main'
i-0314d213ca75d492b,1573943301-0,m5d.large,60.1750302314758,10,10,1,TPC-B (sort of),simple,60 s,141978,data_directory = '/var/lib/postgresql/9.5/main'
i-0314d213ca75d492b,1573943301-0,m5d.large,60.1764216423034,10,10,1,TPC-B (sort of),simple,60 s,142452,data_directory = '/var/lib/postgresql/9.5/main'
i-0314d213ca75d492b,1573943301-0,m5d.large,60.1762187480926,10,10,1,TPC-B (sort of),simple,60 s,142463,data_directory = '/var/lib/postgresql/9.5/main'
i-0314d213ca75d492b,1573943301-0,m5d.large,60.1798303127288,10,10,1,TPC-B (sort of),simple,60 s,142316,data_directory = '/var/lib/postgresql/9.5/main'
i-031b2f76071a565fc,1573943301-0,m5d.large,60.3666353225708,10,10,1,TPC-B (sort of),simple,60 s,145685,data_directory = '/var/lib/postgresql/9.5/main'
i-031b2f76071a565fc,1573943301-0,m5d.large,60.2327301502227,10,10,1,TPC-B (sort of),simple,60 s,145652,data_directory = '/var/lib/postgresql/9.5/main'
i-031b2f76071a565fc,1573943301-0,m5d.large,60.2232279777526,10,10,1,TPC-B (sort of),simple,60 s,144898,data_directory = '/var/lib/postgresql/9.5/main'
i-031b2f76071a565fc,1573943301-0,m5d.large,60.2244691848754,10,10,1,TPC-B (sort of),simple,60 s,145369,data_directory = '/var/lib/postgresql/9.5/main'
i-031b2f76071a565fc,1573943301-0,m5d.large,60.2595796585083,10,10,1,TPC-B (sort of),simple,60 s,145548,data_directory = '/var/lib/postgresql/9.5/main'
i-031b2f76071a565fc,1573943301-0,m5d.large,60.2254004478454,10,10,1,TPC-B (sort of),simple,60 s,145322,data_directory = '/var/lib/postgresql/9.5/main'
i-031b2f76071a565fc,1573943301-0,m5d.large,60.262439250946,10,10,1,TPC-B (sort of),simple,60 s,145459,data_directory = '/var/lib/postgresql/9.5/main'
i-031b2f76071a565fc,1573943301-0,m5d.large,60.213327884674,10,10,1,TPC-B (sort of),simple,60 s,145401,data_directory = '/var/lib/postgresql/9.5/main'
i-031b2f76071a565fc,1573943301-0,m5d.large,60.2605912685394,10,10,1,TPC-B (sort of),simple,60 s,145652,data_directory = '/var/lib/postgresql/9.5/main'
i-031b2f76071a565fc,1573943301-0,m5d.large,60.3382399082183,10,10,1,TPC-B (sort of),simple,60 s,145717,data_directory = '/var/lib/postgresql/9.5/main'
i-0b218a39a18187a2a,1573943301-0,m5d.large,60.2072775363922,10,10,1,TPC-B (sort of),simple,60 s,163965,data_directory = '/var/lib/postgresql/9.5/main'
i-0b218a39a18187a2a,1573943301-0,m5d.large,60.2037243843078,10,10,1,TPC-B (sort of),simple,60 s,153813,data_directory = '/var/lib/postgresql/9.5/main'
i-0b218a39a18187a2a,1573943301-0,m5d.large,60.2073955535888,10,10,1,TPC-B (sort of),simple,60 s,151125,data_directory = '/var/lib/postgresql/9.5/main'
i-0b218a39a18187a2a,1573943301-0,m5d.large,60.2049012184143,10,10,1,TPC-B (sort of),simple,60 s,151563,data_directory = '/var/lib/postgresql/9.5/main'
i-0b218a39a18187a2a,1573943301-0,m5d.large,60.2075357437133,10,10,1,TPC-B (sort of),simple,60 s,151420,data_directory = '/var/lib/postgresql/9.5/main'
i-0b218a39a18187a2a,1573943301-0,m5d.large,60.2066173553466,10,10,1,TPC-B (sort of),simple,60 s,151209,data_directory = '/var/lib/postgresql/9.5/main'
i-0b218a39a18187a2a,1573943301-0,m5d.large,60.2078964710235,10,10,1,TPC-B (sort of),simple,60 s,151351,data_directory = '/var/lib/postgresql/9.5/main'
i-0b218a39a18187a2a,1573943301-0,m5d.large,60.21102809906,10,10,1,TPC-B (sort of),simple,60 s,151429,data_directory = '/var/lib/postgresql/9.5/main'
i-0b218a39a18187a2a,1573943301-0,m5d.large,60.2096138000488,10,10,1,TPC-B (sort of),simple,60 s,151564,data_directory = '/var/lib/postgresql/9.5/main'
i-0b218a39a18187a2a,1573943301-0,m5d.large,60.2042982578277,10,10,1,TPC-B (sort of),simple,60 s,151534,data_directory = '/var/lib/postgresql/9.5/main'
i-06c61b81107579b76,1573943301-0,m5d.large,60.3409328460693,10,10,1,TPC-B (sort of),simple,60 s,136428,data_directory = '/var/lib/postgresql/9.5/main'
i-06c61b81107579b76,1573943301-0,m5d.large,60.1913471221923,10,10,1,TPC-B (sort of),simple,60 s,135556,data_directory = '/var/lib/postgresql/9.5/main'
i-06c61b81107579b76,1573943301-0,m5d.large,60.2061762809753,10,10,1,TPC-B (sort of),simple,60 s,136092,data_directory = '/var/lib/postgresql/9.5/main'
i-06c61b81107579b76,1573943301-0,m5d.large,60.186812877655,10,10,1,TPC-B (sort of),simple,60 s,136079,data_directory = '/var/lib/postgresql/9.5/main'
i-06c61b81107579b76,1573943301-0,m5d.large,60.1867160797119,10,10,1,TPC-B (sort of),simple,60 s,136076,data_directory = '/var/lib/postgresql/9.5/main'
i-06c61b81107579b76,1573943301-0,m5d.large,60.2419509887695,10,10,1,TPC-B (sort of),simple,60 s,135454,data_directory = '/var/lib/postgresql/9.5/main'
i-06c61b81107579b76,1573943301-0,m5d.large,60.188672542572,10,10,1,TPC-B (sort of),simple,60 s,135676,data_directory = '/var/lib/postgresql/9.5/main'
i-06c61b81107579b76,1573943301-0,m5d.large,60.1909532546997,10,10,1,TPC-B (sort of),simple,60 s,135175,data_directory = '/var/lib/postgresql/9.5/main'
i-06c61b81107579b76,1573943301-0,m5d.large,60.1928343772888,10,10,1,TPC-B (sort of),simple,60 s,135984,data_directory = '/var/lib/postgresql/9.5/main'
i-06c61b81107579b76,1573943301-0,m5d.large,60.1864118576049,10,10,1,TPC-B (sort of),simple,60 s,135508,data_directory = '/var/lib/postgresql/9.5/main'
i-047575da5698f4497,1573943301-0,m5d.large,60.4757537841796,10,10,1,TPC-B (sort of),simple,60 s,145740,data_directory = '/var/lib/postgresql/9.5/main'
i-047575da5698f4497,1573943301-0,m5d.large,60.3314261436462,10,10,1,TPC-B (sort of),simple,60 s,145971,data_directory = '/var/lib/postgresql/9.5/main'
i-047575da5698f4497,1573943301-0,m5d.large,60.3154618740081,10,10,1,TPC-B (sort of),simple,60 s,145828,data_directory = '/var/lib/postgresql/9.5/main'
i-047575da5698f4497,1573943301-0,m5d.large,60.292564868927,10,10,1,TPC-B (sort of),simple,60 s,145253,data_directory = '/var/lib/postgresql/9.5/main'
i-047575da5698f4497,1573943301-0,m5d.large,60.313372850418,10,10,1,TPC-B (sort of),simple,60 s,145931,data_directory = '/var/lib/postgresql/9.5/main'
i-047575da5698f4497,1573943301-0,m5d.large,60.2982566356658,10,10,1,TPC-B (sort of),simple,60 s,145789,data_directory = '/var/lib/postgresql/9.5/main'
i-047575da5698f4497,1573943301-0,m5d.large,60.3398857116699,10,10,1,TPC-B (sort of),simple,60 s,145767,data_directory = '/var/lib/postgresql/9.5/main'
i-047575da5698f4497,1573943301-0,m5d.large,60.2741341590881,10,10,1,TPC-B (sort of),simple,60 s,146109,data_directory = '/var/lib/postgresql/9.5/main'
i-047575da5698f4497,1573943301-0,m5d.large,60.4481868743896,10,10,1,TPC-B (sort of),simple,60 s,146109,data_directory = '/var/lib/postgresql/9.5/main'
i-047575da5698f4497,1573943301-0,m5d.large,60.2837674617767,10,10,1,TPC-B (sort of),simple,60 s,145810,data_directory = '/var/lib/postgresql/9.5/main'
i-0ece06eab633a3526,1573943301-0,m5d.large,60.302731513977,10,10,1,TPC-B (sort of),simple,60 s,143800,data_directory = '/var/lib/postgresql/9.5/main'
i-0ece06eab633a3526,1573943301-0,m5d.large,60.2185883522033,10,10,1,TPC-B (sort of),simple,60 s,143410,data_directory = '/var/lib/postgresql/9.5/main'
i-0ece06eab633a3526,1573943301-0,m5d.large,60.2741689682006,10,10,1,TPC-B (sort of),simple,60 s,143602,data_directory = '/var/lib/postgresql/9.5/main'
i-0ece06eab633a3526,1573943301-0,m5d.large,60.3563830852508,10,10,1,TPC-B (sort of),simple,60 s,143316,data_directory = '/var/lib/postgresql/9.5/main'
i-0ece06eab633a3526,1573943301-0,m5d.large,60.2476413249969,10,10,1,TPC-B (sort of),simple,60 s,143680,data_directory = '/var/lib/postgresql/9.5/main'
i-0ece06eab633a3526,1573943301-0,m5d.large,60.2624588012695,10,10,1,TPC-B (sort of),simple,60 s,143539,data_directory = '/var/lib/postgresql/9.5/main'
i-0ece06eab633a3526,1573943301-0,m5d.large,60.2649312019348,10,10,1,TPC-B (sort of),simple,60 s,143819,data_directory = '/var/lib/postgresql/9.5/main'
i-0ece06eab633a3526,1573943301-0,m5d.large,60.2304430007934,10,10,1,TPC-B (sort of),simple,60 s,143669,data_directory = '/var/lib/postgresql/9.5/main'
i-0ece06eab633a3526,1573943301-0,m5d.large,60.2884747982025,10,10,1,TPC-B (sort of),simple,60 s,144184,data_directory = '/var/lib/postgresql/9.5/main'
i-0ece06eab633a3526,1573943301-0,m5d.large,60.2482588291168,10,10,1,TPC-B (sort of),simple,60 s,143853,data_directory = '/var/lib/postgresql/9.5/main'
i-0ca55bbf96a4d4a74,1573943301-0,m5d.large,60.2294790744781,10,10,1,TPC-B (sort of),simple,60 s,166290,data_directory = '/var/lib/postgresql/9.5/main'
i-0ca55bbf96a4d4a74,1573943301-0,m5d.large,60.2280130386352,10,10,1,TPC-B (sort of),simple,60 s,165774,data_directory = '/var/lib/postgresql/9.5/main'
i-0ca55bbf96a4d4a74,1573943301-0,m5d.large,60.2198655605316,10,10,1,TPC-B (sort of),simple,60 s,166690,data_directory = '/var/lib/postgresql/9.5/main'
i-0ca55bbf96a4d4a74,1573943301-0,m5d.large,60.2210867404937,10,10,1,TPC-B (sort of),simple,60 s,166627,data_directory = '/var/lib/postgresql/9.5/main'
i-0ca55bbf96a4d4a74,1573943301-0,m5d.large,60.2167425155639,10,10,1,TPC-B (sort of),simple,60 s,166322,data_directory = '/var/lib/postgresql/9.5/main'
i-0ca55bbf96a4d4a74,1573943301-0,m5d.large,60.2386839389801,10,10,1,TPC-B (sort of),simple,60 s,166915,data_directory = '/var/lib/postgresql/9.5/main'
i-0ca55bbf96a4d4a74,1573943301-0,m5d.large,60.215253829956,10,10,1,TPC-B (sort of),simple,60 s,166184,data_directory = '/var/lib/postgresql/9.5/main'
i-0ca55bbf96a4d4a74,1573943301-0,m5d.large,60.1706240177154,10,10,1,TPC-B (sort of),simple,60 s,166574,data_directory = '/var/lib/postgresql/9.5/main'
i-0ca55bbf96a4d4a74,1573943301-0,m5d.large,60.2240891456604,10,10,1,TPC-B (sort of),simple,60 s,166766,data_directory = '/var/lib/postgresql/9.5/main'
i-0ca55bbf96a4d4a74,1573943301-0,m5d.large,60.2140839099884,10,10,1,TPC-B (sort of),simple,60 s,166622,data_directory = '/var/lib/postgresql/9.5/main'
i-0b65af7aa537d3168,1573943301-0,m5d.large,60.2339816093444,10,10,1,TPC-B (sort of),simple,60 s,159793,data_directory = '/var/lib/postgresql/9.5/main'
i-0b65af7aa537d3168,1573943301-0,m5d.large,60.1619307994842,10,10,1,TPC-B (sort of),simple,60 s,159603,data_directory = '/var/lib/postgresql/9.5/main'
i-0b65af7aa537d3168,1573943301-0,m5d.large,60.1614077091217,10,10,1,TPC-B (sort of),simple,60 s,159737,data_directory = '/var/lib/postgresql/9.5/main'
i-0b65af7aa537d3168,1573943301-0,m5d.large,60.1586935520172,10,10,1,TPC-B (sort of),simple,60 s,160076,data_directory = '/var/lib/postgresql/9.5/main'
i-0b65af7aa537d3168,1573943301-0,m5d.large,60.162106513977,10,10,1,TPC-B (sort of),simple,60 s,159904,data_directory = '/var/lib/postgresql/9.5/main'
i-0b65af7aa537d3168,1573943301-0,m5d.large,60.16139960289,10,10,1,TPC-B (sort of),simple,60 s,159844,data_directory = '/var/lib/postgresql/9.5/main'
i-0b65af7aa537d3168,1573943301-0,m5d.large,60.1598784923553,10,10,1,TPC-B (sort of),simple,60 s,159957,data_directory = '/var/lib/postgresql/9.5/main'
i-0b65af7aa537d3168,1573943301-0,m5d.large,60.1616647243499,10,10,1,TPC-B (sort of),simple,60 s,159930,data_directory = '/var/lib/postgresql/9.5/main'
i-0b65af7aa537d3168,1573943301-0,m5d.large,60.1603305339813,10,10,1,TPC-B (sort of),simple,60 s,160269,data_directory = '/var/lib/postgresql/9.5/main'
i-0b65af7aa537d3168,1573943301-0,m5d.large,60.1623828411102,10,10,1,TPC-B (sort of),simple,60 s,159329,data_directory = '/var/lib/postgresql/9.5/main'
i-018b98b01134abbc5,1573943301-0,m5d.large,60.2498896121978,10,10,1,TPC-B (sort of),simple,60 s,144489,data_directory = '/var/lib/postgresql/9.5/main'
i-018b98b01134abbc5,1573943301-0,m5d.large,60.1840591430664,10,10,1,TPC-B (sort of),simple,60 s,144222,data_directory = '/var/lib/postgresql/9.5/main'
i-018b98b01134abbc5,1573943301-0,m5d.large,60.338097333908,10,10,1,TPC-B (sort of),simple,60 s,143723,data_directory = '/var/lib/postgresql/9.5/main'
i-018b98b01134abbc5,1573943301-0,m5d.large,60.5588738918304,10,10,1,TPC-B (sort of),simple,60 s,144096,data_directory = '/var/lib/postgresql/9.5/main'
i-018b98b01134abbc5,1573943301-0,m5d.large,60.4096193313598,10,10,1,TPC-B (sort of),simple,60 s,144566,data_directory = '/var/lib/postgresql/9.5/main'
i-018b98b01134abbc5,1573943301-0,m5d.large,60.2421331405639,10,10,1,TPC-B (sort of),simple,60 s,144072,data_directory = '/var/lib/postgresql/9.5/main'
i-018b98b01134abbc5,1573943301-0,m5d.large,60.1611795425415,10,10,1,TPC-B (sort of),simple,60 s,144340,data_directory = '/var/lib/postgresql/9.5/main'
i-018b98b01134abbc5,1573943301-0,m5d.large,60.1667113304138,10,10,1,TPC-B (sort of),simple,60 s,144108,data_directory = '/var/lib/postgresql/9.5/main'
i-018b98b01134abbc5,1573943301-0,m5d.large,60.1667833328247,10,10,1,TPC-B (sort of),simple,60 s,144713,data_directory = '/var/lib/postgresql/9.5/main'
i-018b98b01134abbc5,1573943301-0,m5d.large,60.1619238853454,10,10,1,TPC-B (sort of),simple,60 s,144838,data_directory = '/var/lib/postgresql/9.5/main'
i-07371e52fb12110ae,1573943301-0,m5d.large,60.3317172527313,10,10,1,TPC-B (sort of),simple,60 s,145572,data_directory = '/var/lib/postgresql/9.5/main'
i-07371e52fb12110ae,1573943301-0,m5d.large,60.3687539100647,10,10,1,TPC-B (sort of),simple,60 s,145281,data_directory = '/var/lib/postgresql/9.5/main'
i-07371e52fb12110ae,1573943301-0,m5d.large,60.2611336708068,10,10,1,TPC-B (sort of),simple,60 s,145467,data_directory = '/var/lib/postgresql/9.5/main'
i-07371e52fb12110ae,1573943301-0,m5d.large,60.3211789131164,10,10,1,TPC-B (sort of),simple,60 s,145580,data_directory = '/var/lib/postgresql/9.5/main'
i-07371e52fb12110ae,1573943301-0,m5d.large,60.2529046535491,10,10,1,TPC-B (sort of),simple,60 s,145502,data_directory = '/var/lib/postgresql/9.5/main'
i-07371e52fb12110ae,1573943301-0,m5d.large,60.1747832298278,10,10,1,TPC-B (sort of),simple,60 s,145391,data_directory = '/var/lib/postgresql/9.5/main'
i-07371e52fb12110ae,1573943301-0,m5d.large,60.2103233337402,10,10,1,TPC-B (sort of),simple,60 s,145608,data_directory = '/var/lib/postgresql/9.5/main'
i-07371e52fb12110ae,1573943301-0,m5d.large,60.5670092105865,10,10,1,TPC-B (sort of),simple,60 s,146264,data_directory = '/var/lib/postgresql/9.5/main'
i-07371e52fb12110ae,1573943301-0,m5d.large,60.1660265922546,10,10,1,TPC-B (sort of),simple,60 s,146316,data_directory = '/var/lib/postgresql/9.5/main'
i-07371e52fb12110ae,1573943301-0,m5d.large,60.166071653366,10,10,1,TPC-B (sort of),simple,60 s,146178,data_directory = '/var/lib/postgresql/9.5/main'
i-061f3d47b6ec6d899,1573943301-0,m5d.large,60.2179970741272,10,10,1,TPC-B (sort of),simple,60 s,164678,data_directory = '/var/lib/postgresql/9.5/main'
i-061f3d47b6ec6d899,1573943301-0,m5d.large,60.1394925117492,10,10,1,TPC-B (sort of),simple,60 s,164279,data_directory = '/var/lib/postgresql/9.5/main'
i-061f3d47b6ec6d899,1573943301-0,m5d.large,60.1411461830139,10,10,1,TPC-B (sort of),simple,60 s,164586,data_directory = '/var/lib/postgresql/9.5/main'
i-061f3d47b6ec6d899,1573943301-0,m5d.large,60.138295173645,10,10,1,TPC-B (sort of),simple,60 s,163788,data_directory = '/var/lib/postgresql/9.5/main'
i-061f3d47b6ec6d899,1573943301-0,m5d.large,60.1430292129516,10,10,1,TPC-B (sort of),simple,60 s,164030,data_directory = '/var/lib/postgresql/9.5/main'
i-061f3d47b6ec6d899,1573943301-0,m5d.large,60.1368396282196,10,10,1,TPC-B (sort of),simple,60 s,164528,data_directory = '/var/lib/postgresql/9.5/main'
i-061f3d47b6ec6d899,1573943301-0,m5d.large,60.1356573104858,10,10,1,TPC-B (sort of),simple,60 s,164285,data_directory = '/var/lib/postgresql/9.5/main'
i-061f3d47b6ec6d899,1573943301-0,m5d.large,60.1373238563537,10,10,1,TPC-B (sort of),simple,60 s,164181,data_directory = '/var/lib/postgresql/9.5/main'
i-061f3d47b6ec6d899,1573943301-0,m5d.large,60.1355845928192,10,10,1,TPC-B (sort of),simple,60 s,164766,data_directory = '/var/lib/postgresql/9.5/main'
i-061f3d47b6ec6d899,1573943301-0,m5d.large,60.1384494304657,10,10,1,TPC-B (sort of),simple,60 s,164603,data_directory = '/var/lib/postgresql/9.5/main'
i-0c1b44f5929053a0c,1573943301-0,m5d.large,60.1752648353576,10,10,1,TPC-B (sort of),simple,60 s,148472,data_directory = '/var/lib/postgresql/9.5/main'
i-0c1b44f5929053a0c,1573943301-0,m5d.large,60.1701335906982,10,10,1,TPC-B (sort of),simple,60 s,145918,data_directory = '/var/lib/postgresql/9.5/main'
i-0c1b44f5929053a0c,1573943301-0,m5d.large,60.1778795719146,10,10,1,TPC-B (sort of),simple,60 s,144766,data_directory = '/var/lib/postgresql/9.5/main'
i-0c1b44f5929053a0c,1573943301-0,m5d.large,60.1550316810607,10,10,1,TPC-B (sort of),simple,60 s,145040,data_directory = '/var/lib/postgresql/9.5/main'
i-0c1b44f5929053a0c,1573943301-0,m5d.large,60.1744496822357,10,10,1,TPC-B (sort of),simple,60 s,145065,data_directory = '/var/lib/postgresql/9.5/main'
i-0c1b44f5929053a0c,1573943301-0,m5d.large,60.1710827350616,10,10,1,TPC-B (sort of),simple,60 s,145024,data_directory = '/var/lib/postgresql/9.5/main'
i-0c1b44f5929053a0c,1573943301-0,m5d.large,60.1730027198791,10,10,1,TPC-B (sort of),simple,60 s,144811,data_directory = '/var/lib/postgresql/9.5/main'
i-0c1b44f5929053a0c,1573943301-0,m5d.large,60.1757445335388,10,10,1,TPC-B (sort of),simple,60 s,146034,data_directory = '/var/lib/postgresql/9.5/main'
i-0c1b44f5929053a0c,1573943301-0,m5d.large,60.1516964435577,10,10,1,TPC-B (sort of),simple,60 s,148730,data_directory = '/var/lib/postgresql/9.5/main'
i-0c1b44f5929053a0c,1573943301-0,m5d.large,60.1504924297332,10,10,1,TPC-B (sort of),simple,60 s,148728,data_directory = '/var/lib/postgresql/9.5/main'
i-0f0e24c09425eac71,1573943301-0,m5d.large,60.455049753189,10,10,1,TPC-B (sort of),simple,60 s,161599,data_directory = '/var/lib/postgresql/9.5/main'
i-0f0e24c09425eac71,1573943301-0,m5d.large,60.6212413311004,10,10,1,TPC-B (sort of),simple,60 s,153081,data_directory = '/var/lib/postgresql/9.5/main'
i-0f0e24c09425eac71,1573943301-0,m5d.large,60.3079895973205,10,10,1,TPC-B (sort of),simple,60 s,149785,data_directory = '/var/lib/postgresql/9.5/main'
i-0f0e24c09425eac71,1573943301-0,m5d.large,60.2792983055114,10,10,1,TPC-B (sort of),simple,60 s,150168,data_directory = '/var/lib/postgresql/9.5/main'
i-0f0e24c09425eac71,1573943301-0,m5d.large,60.1887326240539,10,10,1,TPC-B (sort of),simple,60 s,150547,data_directory = '/var/lib/postgresql/9.5/main'
i-0f0e24c09425eac71,1573943301-0,m5d.large,60.1718533039093,10,10,1,TPC-B (sort of),simple,60 s,149223,data_directory = '/var/lib/postgresql/9.5/main'
i-0f0e24c09425eac71,1573943301-0,m5d.large,60.1738476753234,10,10,1,TPC-B (sort of),simple,60 s,150258,data_directory = '/var/lib/postgresql/9.5/main'
i-0f0e24c09425eac71,1573943301-0,m5d.large,60.2876763343811,10,10,1,TPC-B (sort of),simple,60 s,150306,data_directory = '/var/lib/postgresql/9.5/main'
i-0f0e24c09425eac71,1573943301-0,m5d.large,60.4058065414428,10,10,1,TPC-B (sort of),simple,60 s,150070,data_directory = '/var/lib/postgresql/9.5/main'
i-0f0e24c09425eac71,1573943301-0,m5d.large,60.4519712924957,10,10,1,TPC-B (sort of),simple,60 s,150425,data_directory = '/var/lib/postgresql/9.5/main'
i-0098bacd16b57b4dc,1573943301-0,m5d.large,60.3771567344665,10,10,1,TPC-B (sort of),simple,60 s,165243,data_directory = '/var/lib/postgresql/9.5/main'
i-0098bacd16b57b4dc,1573943301-0,m5d.large,60.2133989334106,10,10,1,TPC-B (sort of),simple,60 s,165319,data_directory = '/var/lib/postgresql/9.5/main'
i-0098bacd16b57b4dc,1573943301-0,m5d.large,60.2638564109802,10,10,1,TPC-B (sort of),simple,60 s,165124,data_directory = '/var/lib/postgresql/9.5/main'
i-0098bacd16b57b4dc,1573943301-0,m5d.large,60.2722578048706,10,10,1,TPC-B (sort of),simple,60 s,165057,data_directory = '/var/lib/postgresql/9.5/main'
i-0098bacd16b57b4dc,1573943301-0,m5d.large,60.2663094997406,10,10,1,TPC-B (sort of),simple,60 s,165216,data_directory = '/var/lib/postgresql/9.5/main'
i-0098bacd16b57b4dc,1573943301-0,m5d.large,60.2820718288421,10,10,1,TPC-B (sort of),simple,60 s,165192,data_directory = '/var/lib/postgresql/9.5/main'
i-0098bacd16b57b4dc,1573943301-0,m5d.large,60.2966451644897,10,10,1,TPC-B (sort of),simple,60 s,165093,data_directory = '/var/lib/postgresql/9.5/main'
i-0098bacd16b57b4dc,1573943301-0,m5d.large,60.2481184005737,10,10,1,TPC-B (sort of),simple,60 s,165153,data_directory = '/var/lib/postgresql/9.5/main'
i-0098bacd16b57b4dc,1573943301-0,m5d.large,60.235846042633,10,10,1,TPC-B (sort of),simple,60 s,165308,data_directory = '/var/lib/postgresql/9.5/main'
i-0098bacd16b57b4dc,1573943301-0,m5d.large,60.2316598892211,10,10,1,TPC-B (sort of),simple,60 s,165650,data_directory = '/var/lib/postgresql/9.5/main'
i-0e9ad9f08cc1486c9,1573943301-0,m5d.large,60.3346800804138,10,10,1,TPC-B (sort of),simple,60 s,159469,data_directory = '/var/lib/postgresql/9.5/main'
i-0e9ad9f08cc1486c9,1573943301-0,m5d.large,60.168470621109,10,10,1,TPC-B (sort of),simple,60 s,159567,data_directory = '/var/lib/postgresql/9.5/main'
i-0e9ad9f08cc1486c9,1573943301-0,m5d.large,60.1724734306335,10,10,1,TPC-B (sort of),simple,60 s,159433,data_directory = '/var/lib/postgresql/9.5/main'
i-0e9ad9f08cc1486c9,1573943301-0,m5d.large,60.1719019412994,10,10,1,TPC-B (sort of),simple,60 s,159332,data_directory = '/var/lib/postgresql/9.5/main'
i-0e9ad9f08cc1486c9,1573943301-0,m5d.large,60.1729302406311,10,10,1,TPC-B (sort of),simple,60 s,159480,data_directory = '/var/lib/postgresql/9.5/main'
i-0e9ad9f08cc1486c9,1573943301-0,m5d.large,60.1684854030609,10,10,1,TPC-B (sort of),simple,60 s,159890,data_directory = '/var/lib/postgresql/9.5/main'
i-0e9ad9f08cc1486c9,1573943301-0,m5d.large,60.1937174797058,10,10,1,TPC-B (sort of),simple,60 s,160029,data_directory = '/var/lib/postgresql/9.5/main'
i-0e9ad9f08cc1486c9,1573943301-0,m5d.large,60.1701803207397,10,10,1,TPC-B (sort of),simple,60 s,160671,data_directory = '/var/lib/postgresql/9.5/main'
i-0e9ad9f08cc1486c9,1573943301-0,m5d.large,60.176574230194,10,10,1,TPC-B (sort of),simple,60 s,160644,data_directory = '/var/lib/postgresql/9.5/main'
i-0e9ad9f08cc1486c9,1573943301-0,m5d.large,60.3378965854644,10,10,1,TPC-B (sort of),simple,60 s,160793,data_directory = '/var/lib/postgresql/9.5/main'
i-0062d028d4b1b0c17,1573943301-0,m5d.large,60.4782407283782,10,10,1,TPC-B (sort of),simple,60 s,159078,data_directory = '/var/lib/postgresql/9.5/main'
i-0062d028d4b1b0c17,1573943301-0,m5d.large,60.1665921211242,10,10,1,TPC-B (sort of),simple,60 s,158673,data_directory = '/var/lib/postgresql/9.5/main'
i-0062d028d4b1b0c17,1573943301-0,m5d.large,60.3200769424438,10,10,1,TPC-B (sort of),simple,60 s,158894,data_directory = '/var/lib/postgresql/9.5/main'
i-0062d028d4b1b0c17,1573943301-0,m5d.large,60.3066172599792,10,10,1,TPC-B (sort of),simple,60 s,158327,data_directory = '/var/lib/postgresql/9.5/main'
i-0062d028d4b1b0c17,1573943301-0,m5d.large,60.2155113220214,10,10,1,TPC-B (sort of),simple,60 s,159572,data_directory = '/var/lib/postgresql/9.5/main'
i-0062d028d4b1b0c17,1573943301-0,m5d.large,60.2193682193756,10,10,1,TPC-B (sort of),simple,60 s,159394,data_directory = '/var/lib/postgresql/9.5/main'
i-0062d028d4b1b0c17,1573943301-0,m5d.large,60.286791563034,10,10,1,TPC-B (sort of),simple,60 s,159209,data_directory = '/var/lib/postgresql/9.5/main'
i-0062d028d4b1b0c17,1573943301-0,m5d.large,60.2997298240661,10,10,1,TPC-B (sort of),simple,60 s,159165,data_directory = '/var/lib/postgresql/9.5/main'
i-0062d028d4b1b0c17,1573943301-0,m5d.large,60.1495099067688,10,10,1,TPC-B (sort of),simple,60 s,159550,data_directory = '/var/lib/postgresql/9.5/main'
i-0062d028d4b1b0c17,1573943301-0,m5d.large,60.1528055667877,10,10,1,TPC-B (sort of),simple,60 s,159075,data_directory = '/var/lib/postgresql/9.5/main'
i-03431dab34bcb014e,1573943301-0,m5d.large,60.2010843753814,10,10,1,TPC-B (sort of),simple,60 s,155859,data_directory = '/var/lib/postgresql/9.5/main'
i-03431dab34bcb014e,1573943301-0,m5d.large,60.1901423931121,10,10,1,TPC-B (sort of),simple,60 s,155421,data_directory = '/var/lib/postgresql/9.5/main'
i-03431dab34bcb014e,1573943301-0,m5d.large,60.1965754032135,10,10,1,TPC-B (sort of),simple,60 s,155848,data_directory = '/var/lib/postgresql/9.5/main'
i-03431dab34bcb014e,1573943301-0,m5d.large,60.1879851818084,10,10,1,TPC-B (sort of),simple,60 s,155399,data_directory = '/var/lib/postgresql/9.5/main'
i-03431dab34bcb014e,1573943301-0,m5d.large,60.1915571689605,10,10,1,TPC-B (sort of),simple,60 s,156138,data_directory = '/var/lib/postgresql/9.5/main'
i-03431dab34bcb014e,1573943301-0,m5d.large,60.1809556484222,10,10,1,TPC-B (sort of),simple,60 s,155711,data_directory = '/var/lib/postgresql/9.5/main'
i-03431dab34bcb014e,1573943301-0,m5d.large,60.1952435970306,10,10,1,TPC-B (sort of),simple,60 s,156048,data_directory = '/var/lib/postgresql/9.5/main'
i-03431dab34bcb014e,1573943301-0,m5d.large,60.1913709640502,10,10,1,TPC-B (sort of),simple,60 s,156287,data_directory = '/var/lib/postgresql/9.5/main'
i-03431dab34bcb014e,1573943301-0,m5d.large,60.1814198493957,10,10,1,TPC-B (sort of),simple,60 s,156141,data_directory = '/var/lib/postgresql/9.5/main'
i-03431dab34bcb014e,1573943301-0,m5d.large,60.1901714801788,10,10,1,TPC-B (sort of),simple,60 s,156143,data_directory = '/var/lib/postgresql/9.5/main'
i-0f83d46715e5b7ba9,1573943301-0,m5d.large,60.4201374053955,10,10,1,TPC-B (sort of),simple,60 s,166641,data_directory = '/var/lib/postgresql/9.5/main'
i-0f83d46715e5b7ba9,1573943301-0,m5d.large,60.2855021953582,10,10,1,TPC-B (sort of),simple,60 s,166427,data_directory = '/var/lib/postgresql/9.5/main'
i-0f83d46715e5b7ba9,1573943301-0,m5d.large,60.2629964351654,10,10,1,TPC-B (sort of),simple,60 s,166907,data_directory = '/var/lib/postgresql/9.5/main'
i-0f83d46715e5b7ba9,1573943301-0,m5d.large,60.354297876358,10,10,1,TPC-B (sort of),simple,60 s,166475,data_directory = '/var/lib/postgresql/9.5/main'
i-0f83d46715e5b7ba9,1573943301-0,m5d.large,60.2600178718566,10,10,1,TPC-B (sort of),simple,60 s,166579,data_directory = '/var/lib/postgresql/9.5/main'
i-0f83d46715e5b7ba9,1573943301-0,m5d.large,60.2456243038177,10,10,1,TPC-B (sort of),simple,60 s,166585,data_directory = '/var/lib/postgresql/9.5/main'
i-0f83d46715e5b7ba9,1573943301-0,m5d.large,60.2925932407379,10,10,1,TPC-B (sort of),simple,60 s,166629,data_directory = '/var/lib/postgresql/9.5/main'
i-0f83d46715e5b7ba9,1573943301-0,m5d.large,60.2636003494262,10,10,1,TPC-B (sort of),simple,60 s,166794,data_directory = '/var/lib/postgresql/9.5/main'
i-0f83d46715e5b7ba9,1573943301-0,m5d.large,60.3092267513275,10,10,1,TPC-B (sort of),simple,60 s,166379,data_directory = '/var/lib/postgresql/9.5/main'
i-0f83d46715e5b7ba9,1573943301-0,m5d.large,60.2903444766998,10,10,1,TPC-B (sort of),simple,60 s,166910,data_directory = '/var/lib/postgresql/9.5/main'
