experimentID,instanceID,instanceType,wallTime,testOption,per-request-avg-time,total-time,thread-num
1573942490-0,i-04b9c2f75a375d7e5,m5d.large,7.82146739959716,--test=cpu --cpu-max-prime=2000000 --num-threads=2 --max-requests=10 run,1551.67ms,7.7589s,2
1573942490-0,i-04b9c2f75a375d7e5,m5d.large,7.78820967674255,--test=cpu --cpu-max-prime=2000000 --num-threads=2 --max-requests=10 run,1552.30ms,7.7634s,2
1573942490-0,i-04b9c2f75a375d7e5,m5d.large,7.78503680229187,--test=cpu --cpu-max-prime=2000000 --num-threads=2 --max-requests=10 run,1551.73ms,7.7593s,2
1573942490-0,i-04b9c2f75a375d7e5,m5d.large,7.7942476272583,--test=cpu --cpu-max-prime=2000000 --num-threads=2 --max-requests=10 run,1552.67ms,7.7677s,2
1573942490-0,i-04b9c2f75a375d7e5,m5d.large,7.79848861694335,--test=cpu --cpu-max-prime=2000000 --num-threads=2 --max-requests=10 run,1552.83ms,7.7700s,2
1573942490-0,i-04b9c2f75a375d7e5,m5d.large,7.78910589218139,--test=cpu --cpu-max-prime=2000000 --num-threads=2 --max-requests=10 run,1551.38ms,7.7608s,2
1573942490-0,i-04b9c2f75a375d7e5,m5d.large,7.785897731781,--test=cpu --cpu-max-prime=2000000 --num-threads=2 --max-requests=10 run,1551.59ms,7.7583s,2
1573942490-0,i-04b9c2f75a375d7e5,m5d.large,7.79415488243103,--test=cpu --cpu-max-prime=2000000 --num-threads=2 --max-requests=10 run,1553.10ms,7.7678s,2
1573942490-0,i-04b9c2f75a375d7e5,m5d.large,7.78653645515441,--test=cpu --cpu-max-prime=2000000 --num-threads=2 --max-requests=10 run,1551.53ms,7.7588s,2
1573942490-0,i-04b9c2f75a375d7e5,m5d.large,7.78627562522888,--test=cpu --cpu-max-prime=2000000 --num-threads=2 --max-requests=10 run,1551.64ms,7.7595s,2
1573942490-0,i-0127ff963ce39608f,m5d.large,9.23598551750183,--test=cpu --cpu-max-prime=2000000 --num-threads=2 --max-requests=10 run,1803.43ms,9.0212s,2
1573942490-0,i-0127ff963ce39608f,m5d.large,9.04188132286071,--test=cpu --cpu-max-prime=2000000 --num-threads=2 --max-requests=10 run,1803.30ms,9.0235s,2
1573942490-0,i-0127ff963ce39608f,m5d.large,9.04680204391479,--test=cpu --cpu-max-prime=2000000 --num-threads=2 --max-requests=10 run,1804.14ms,9.0279s,2
1573942490-0,i-0127ff963ce39608f,m5d.large,9.05576944351196,--test=cpu --cpu-max-prime=2000000 --num-threads=2 --max-requests=10 run,1804.90ms,9.0370s,2
1573942490-0,i-0127ff963ce39608f,m5d.large,9.039306640625,--test=cpu --cpu-max-prime=2000000 --num-threads=2 --max-requests=10 run,1803.33ms,9.0188s,2
1573942490-0,i-0127ff963ce39608f,m5d.large,9.04404044151306,--test=cpu --cpu-max-prime=2000000 --num-threads=2 --max-requests=10 run,1803.70ms,9.0211s,2
1573942490-0,i-0127ff963ce39608f,m5d.large,9.05282807350158,--test=cpu --cpu-max-prime=2000000 --num-threads=2 --max-requests=10 run,1805.17ms,9.0329s,2
1573942490-0,i-0127ff963ce39608f,m5d.large,9.04232096672058,--test=cpu --cpu-max-prime=2000000 --num-threads=2 --max-requests=10 run,1803.30ms,9.0201s,2
1573942490-0,i-0127ff963ce39608f,m5d.large,9.04266214370727,--test=cpu --cpu-max-prime=2000000 --num-threads=2 --max-requests=10 run,1803.64ms,9.0197s,2
1573942490-0,i-0127ff963ce39608f,m5d.large,9.04812335968017,--test=cpu --cpu-max-prime=2000000 --num-threads=2 --max-requests=10 run,1805.37ms,9.0282s,2
1573942490-0,i-00a374920f339188c,m5d.large,7.79000854492187,--test=cpu --cpu-max-prime=2000000 --num-threads=2 --max-requests=10 run,1552.00ms,7.7627s,2
1573942490-0,i-00a374920f339188c,m5d.large,7.77658343315124,--test=cpu --cpu-max-prime=2000000 --num-threads=2 --max-requests=10 run,1551.64ms,7.7586s,2
1573942490-0,i-00a374920f339188c,m5d.large,7.78654789924621,--test=cpu --cpu-max-prime=2000000 --num-threads=2 --max-requests=10 run,1552.90ms,7.7686s,2
1573942490-0,i-00a374920f339188c,m5d.large,7.78000307083129,--test=cpu --cpu-max-prime=2000000 --num-threads=2 --max-requests=10 run,1552.10ms,7.7622s,2
1573942490-0,i-00a374920f339188c,m5d.large,7.77904224395751,--test=cpu --cpu-max-prime=2000000 --num-threads=2 --max-requests=10 run,1551.53ms,7.7613s,2
1573942490-0,i-00a374920f339188c,m5d.large,7.77886414527893,--test=cpu --cpu-max-prime=2000000 --num-threads=2 --max-requests=10 run,1551.16ms,7.7595s,2
1573942490-0,i-00a374920f339188c,m5d.large,7.78579807281494,--test=cpu --cpu-max-prime=2000000 --num-threads=2 --max-requests=10 run,1552.63ms,7.7669s,2
1573942490-0,i-00a374920f339188c,m5d.large,7.78426790237426,--test=cpu --cpu-max-prime=2000000 --num-threads=2 --max-requests=10 run,1552.30ms,7.7644s,2
1573942490-0,i-00a374920f339188c,m5d.large,7.78034782409668,--test=cpu --cpu-max-prime=2000000 --num-threads=2 --max-requests=10 run,1551.86ms,7.7611s,2
1573942490-0,i-00a374920f339188c,m5d.large,7.77752065658569,--test=cpu --cpu-max-prime=2000000 --num-threads=2 --max-requests=10 run,1551.36ms,7.7584s,2
1573942490-0,i-0dacc3a1a65a223ac,m5d.large,9.11523580551147,--test=cpu --cpu-max-prime=2000000 --num-threads=2 --max-requests=10 run,1803.91ms,9.0295s,2
1573942490-0,i-0dacc3a1a65a223ac,m5d.large,9.04859209060669,--test=cpu --cpu-max-prime=2000000 --num-threads=2 --max-requests=10 run,1803.86ms,9.0245s,2
1573942490-0,i-0dacc3a1a65a223ac,m5d.large,9.04800939559936,--test=cpu --cpu-max-prime=2000000 --num-threads=2 --max-requests=10 run,1804.06ms,9.0259s,2
1573942490-0,i-0dacc3a1a65a223ac,m5d.large,9.05413317680358,--test=cpu --cpu-max-prime=2000000 --num-threads=2 --max-requests=10 run,1804.90ms,9.0324s,2
1573942490-0,i-0dacc3a1a65a223ac,m5d.large,9.04470682144165,--test=cpu --cpu-max-prime=2000000 --num-threads=2 --max-requests=10 run,1803.64ms,9.0207s,2
1573942490-0,i-0dacc3a1a65a223ac,m5d.large,9.04827737808227,--test=cpu --cpu-max-prime=2000000 --num-threads=2 --max-requests=10 run,1803.35ms,9.0249s,2
1573942490-0,i-0dacc3a1a65a223ac,m5d.large,9.05457687377929,--test=cpu --cpu-max-prime=2000000 --num-threads=2 --max-requests=10 run,1805.08ms,9.0288s,2
1573942490-0,i-0dacc3a1a65a223ac,m5d.large,9.04989671707153,--test=cpu --cpu-max-prime=2000000 --num-threads=2 --max-requests=10 run,1803.75ms,9.0267s,2
1573942490-0,i-0dacc3a1a65a223ac,m5d.large,9.05222368240356,--test=cpu --cpu-max-prime=2000000 --num-threads=2 --max-requests=10 run,1803.95ms,9.0281s,2
1573942490-0,i-0dacc3a1a65a223ac,m5d.large,9.05044674873352,--test=cpu --cpu-max-prime=2000000 --num-threads=2 --max-requests=10 run,1804.78ms,9.0267s,2
1573942490-0,i-0e8f378870dcbd5d3,m5d.large,9.18922996520996,--test=cpu --cpu-max-prime=2000000 --num-threads=2 --max-requests=10 run,1804.60ms,9.0232s,2
1573942490-0,i-0e8f378870dcbd5d3,m5d.large,9.04187631607055,--test=cpu --cpu-max-prime=2000000 --num-threads=2 --max-requests=10 run,1804.10ms,9.0225s,2
1573942490-0,i-0e8f378870dcbd5d3,m5d.large,9.0558111667633,--test=cpu --cpu-max-prime=2000000 --num-threads=2 --max-requests=10 run,1806.37ms,9.0356s,2
1573942490-0,i-0e8f378870dcbd5d3,m5d.large,9.04036688804626,--test=cpu --cpu-max-prime=2000000 --num-threads=2 --max-requests=10 run,1804.40ms,9.0222s,2
1573942490-0,i-0e8f378870dcbd5d3,m5d.large,9.03879475593566,--test=cpu --cpu-max-prime=2000000 --num-threads=2 --max-requests=10 run,1803.68ms,9.0185s,2
1573942490-0,i-0e8f378870dcbd5d3,m5d.large,9.04491639137268,--test=cpu --cpu-max-prime=2000000 --num-threads=2 --max-requests=10 run,1804.40ms,9.0251s,2
1573942490-0,i-0e8f378870dcbd5d3,m5d.large,9.0503568649292,--test=cpu --cpu-max-prime=2000000 --num-threads=2 --max-requests=10 run,1805.09ms,9.0302s,2
1573942490-0,i-0e8f378870dcbd5d3,m5d.large,9.03880286216735,--test=cpu --cpu-max-prime=2000000 --num-threads=2 --max-requests=10 run,1803.89ms,9.0197s,2
1573942490-0,i-0e8f378870dcbd5d3,m5d.large,9.0525472164154,--test=cpu --cpu-max-prime=2000000 --num-threads=2 --max-requests=10 run,1805.02ms,9.0313s,2
1573942490-0,i-0e8f378870dcbd5d3,m5d.large,9.05053734779357,--test=cpu --cpu-max-prime=2000000 --num-threads=2 --max-requests=10 run,1805.24ms,9.0308s,2
1573942490-0,i-01630b674435938c1,m5d.large,7.88533568382263,--test=cpu --cpu-max-prime=2000000 --num-threads=2 --max-requests=10 run,1551.33ms,7.7577s,2
1573942490-0,i-01630b674435938c1,m5d.large,7.77821826934814,--test=cpu --cpu-max-prime=2000000 --num-threads=2 --max-requests=10 run,1551.61ms,7.7597s,2
1573942490-0,i-01630b674435938c1,m5d.large,7.79056906700134,--test=cpu --cpu-max-prime=2000000 --num-threads=2 --max-requests=10 run,1553.24ms,7.7730s,2
1573942490-0,i-01630b674435938c1,m5d.large,7.79077339172363,--test=cpu --cpu-max-prime=2000000 --num-threads=2 --max-requests=10 run,1553.06ms,7.7722s,2
1573942490-0,i-01630b674435938c1,m5d.large,7.77779340744018,--test=cpu --cpu-max-prime=2000000 --num-threads=2 --max-requests=10 run,1551.46ms,7.7576s,2
1573942490-0,i-01630b674435938c1,m5d.large,7.78599333763122,--test=cpu --cpu-max-prime=2000000 --num-threads=2 --max-requests=10 run,1551.53ms,7.7598s,2
1573942490-0,i-01630b674435938c1,m5d.large,7.78270125389099,--test=cpu --cpu-max-prime=2000000 --num-threads=2 --max-requests=10 run,1552.13ms,7.7628s,2
1573942490-0,i-01630b674435938c1,m5d.large,7.78577399253845,--test=cpu --cpu-max-prime=2000000 --num-threads=2 --max-requests=10 run,1552.64ms,7.7634s,2
1573942490-0,i-01630b674435938c1,m5d.large,7.77820539474487,--test=cpu --cpu-max-prime=2000000 --num-threads=2 --max-requests=10 run,1551.35ms,7.7585s,2
1573942490-0,i-01630b674435938c1,m5d.large,7.77848815917968,--test=cpu --cpu-max-prime=2000000 --num-threads=2 --max-requests=10 run,1551.36ms,7.7590s,2
1573942490-0,i-01e6e4abeaa36080f,m5d.large,9.17066574096679,--test=cpu --cpu-max-prime=2000000 --num-threads=2 --max-requests=10 run,1804.05ms,9.0293s,2
1573942490-0,i-01e6e4abeaa36080f,m5d.large,9.04533743858337,--test=cpu --cpu-max-prime=2000000 --num-threads=2 --max-requests=10 run,1803.61ms,9.0213s,2
1573942490-0,i-01e6e4abeaa36080f,m5d.large,9.05244898796081,--test=cpu --cpu-max-prime=2000000 --num-threads=2 --max-requests=10 run,1805.29ms,9.0291s,2
1573942490-0,i-01e6e4abeaa36080f,m5d.large,9.05520319938659,--test=cpu --cpu-max-prime=2000000 --num-threads=2 --max-requests=10 run,1805.19ms,9.0319s,2
1573942490-0,i-01e6e4abeaa36080f,m5d.large,9.05162620544433,--test=cpu --cpu-max-prime=2000000 --num-threads=2 --max-requests=10 run,1803.39ms,9.0270s,2
1573942490-0,i-01e6e4abeaa36080f,m5d.large,9.05216479301452,--test=cpu --cpu-max-prime=2000000 --num-threads=2 --max-requests=10 run,1803.40ms,9.0279s,2
1573942490-0,i-01e6e4abeaa36080f,m5d.large,9.06154775619506,--test=cpu --cpu-max-prime=2000000 --num-threads=2 --max-requests=10 run,1805.25ms,9.0359s,2
1573942490-0,i-01e6e4abeaa36080f,m5d.large,9.05282354354858,--test=cpu --cpu-max-prime=2000000 --num-threads=2 --max-requests=10 run,1803.42ms,9.0280s,2
1573942490-0,i-01e6e4abeaa36080f,m5d.large,9.05027246475219,--test=cpu --cpu-max-prime=2000000 --num-threads=2 --max-requests=10 run,1804.20ms,9.0246s,2
1573942490-0,i-01e6e4abeaa36080f,m5d.large,9.05673861503601,--test=cpu --cpu-max-prime=2000000 --num-threads=2 --max-requests=10 run,1804.87ms,9.0293s,2
1573942490-0,i-02290982499d0a8b6,m5d.large,8.14380240440368,--test=cpu --cpu-max-prime=2000000 --num-threads=2 --max-requests=10 run,1597.02ms,7.9863s,2
1573942490-0,i-02290982499d0a8b6,m5d.large,8.00977993011474,--test=cpu --cpu-max-prime=2000000 --num-threads=2 --max-requests=10 run,1596.84ms,7.9882s,2
1573942490-0,i-02290982499d0a8b6,m5d.large,8.01821875572204,--test=cpu --cpu-max-prime=2000000 --num-threads=2 --max-requests=10 run,1598.24ms,7.9970s,2
1573942490-0,i-02290982499d0a8b6,m5d.large,8.02007865905761,--test=cpu --cpu-max-prime=2000000 --num-threads=2 --max-requests=10 run,1598.58ms,7.9966s,2
1573942490-0,i-02290982499d0a8b6,m5d.large,8.00787544250488,--test=cpu --cpu-max-prime=2000000 --num-threads=2 --max-requests=10 run,1596.96ms,7.9862s,2
1573942490-0,i-02290982499d0a8b6,m5d.large,8.00960707664489,--test=cpu --cpu-max-prime=2000000 --num-threads=2 --max-requests=10 run,1596.81ms,7.9868s,2
1573942490-0,i-02290982499d0a8b6,m5d.large,8.01442050933837,--test=cpu --cpu-max-prime=2000000 --num-threads=2 --max-requests=10 run,1597.96ms,7.9921s,2
1573942490-0,i-02290982499d0a8b6,m5d.large,8.01711797714233,--test=cpu --cpu-max-prime=2000000 --num-threads=2 --max-requests=10 run,1598.03ms,7.9925s,2
1573942490-0,i-02290982499d0a8b6,m5d.large,8.00862407684326,--test=cpu --cpu-max-prime=2000000 --num-threads=2 --max-requests=10 run,1596.63ms,7.9854s,2
1573942490-0,i-02290982499d0a8b6,m5d.large,8.01171112060546,--test=cpu --cpu-max-prime=2000000 --num-threads=2 --max-requests=10 run,1597.55ms,7.9893s,2
1573942490-0,i-00c650a5bff4bf46c,m5d.large,9.23392724990844,--test=cpu --cpu-max-prime=2000000 --num-threads=2 --max-requests=10 run,1803.62ms,9.0254s,2
1573942490-0,i-00c650a5bff4bf46c,m5d.large,9.04889154434204,--test=cpu --cpu-max-prime=2000000 --num-threads=2 --max-requests=10 run,1803.82ms,9.0299s,2
1573942490-0,i-00c650a5bff4bf46c,m5d.large,9.04689407348632,--test=cpu --cpu-max-prime=2000000 --num-threads=2 --max-requests=10 run,1804.52ms,9.0295s,2
1573942490-0,i-00c650a5bff4bf46c,m5d.large,9.06135320663452,--test=cpu --cpu-max-prime=2000000 --num-threads=2 --max-requests=10 run,1806.97ms,9.0431s,2
1573942490-0,i-00c650a5bff4bf46c,m5d.large,9.03837490081787,--test=cpu --cpu-max-prime=2000000 --num-threads=2 --max-requests=10 run,1803.27ms,9.0167s,2
1573942490-0,i-00c650a5bff4bf46c,m5d.large,9.03613138198852,--test=cpu --cpu-max-prime=2000000 --num-threads=2 --max-requests=10 run,1803.36ms,9.0172s,2
1573942490-0,i-00c650a5bff4bf46c,m5d.large,9.05091595649719,--test=cpu --cpu-max-prime=2000000 --num-threads=2 --max-requests=10 run,1805.13ms,9.0310s,2
1573942490-0,i-00c650a5bff4bf46c,m5d.large,9.0397891998291,--test=cpu --cpu-max-prime=2000000 --num-threads=2 --max-requests=10 run,1803.89ms,9.0197s,2
1573942490-0,i-00c650a5bff4bf46c,m5d.large,9.04322504997253,--test=cpu --cpu-max-prime=2000000 --num-threads=2 --max-requests=10 run,1803.41ms,9.0231s,2
1573942490-0,i-00c650a5bff4bf46c,m5d.large,9.04854440689087,--test=cpu --cpu-max-prime=2000000 --num-threads=2 --max-requests=10 run,1804.45ms,9.0286s,2
1573942490-0,i-0ab36265851b2f038,m5d.large,9.19550728797912,--test=cpu --cpu-max-prime=2000000 --num-threads=2 --max-requests=10 run,1803.54ms,9.0261s,2
1573942490-0,i-0ab36265851b2f038,m5d.large,9.04968881607055,--test=cpu --cpu-max-prime=2000000 --num-threads=2 --max-requests=10 run,1803.29ms,9.0256s,2
1573942490-0,i-0ab36265851b2f038,m5d.large,9.04945540428161,--test=cpu --cpu-max-prime=2000000 --num-threads=2 --max-requests=10 run,1803.30ms,9.0258s,2
1573942490-0,i-0ab36265851b2f038,m5d.large,9.07394790649414,--test=cpu --cpu-max-prime=2000000 --num-threads=2 --max-requests=10 run,1806.35ms,9.0440s,2
1573942490-0,i-0ab36265851b2f038,m5d.large,9.04512977600097,--test=cpu --cpu-max-prime=2000000 --num-threads=2 --max-requests=10 run,1803.32ms,9.0174s,2
1573942490-0,i-0ab36265851b2f038,m5d.large,9.04554390907287,--test=cpu --cpu-max-prime=2000000 --num-threads=2 --max-requests=10 run,1803.65ms,9.0185s,2
1573942490-0,i-0ab36265851b2f038,m5d.large,9.05592441558837,--test=cpu --cpu-max-prime=2000000 --num-threads=2 --max-requests=10 run,1805.05ms,9.0305s,2
1573942490-0,i-0ab36265851b2f038,m5d.large,9.04706358909607,--test=cpu --cpu-max-prime=2000000 --num-threads=2 --max-requests=10 run,1803.78ms,9.0205s,2
1573942490-0,i-0ab36265851b2f038,m5d.large,9.0478937625885,--test=cpu --cpu-max-prime=2000000 --num-threads=2 --max-requests=10 run,1803.74ms,9.0201s,2
1573942490-0,i-0ab36265851b2f038,m5d.large,9.05611801147461,--test=cpu --cpu-max-prime=2000000 --num-threads=2 --max-requests=10 run,1804.90ms,9.0300s,2
1573942490-0,i-0069a2fb2881e526e,m5d.large,9.12280702590942,--test=cpu --cpu-max-prime=2000000 --num-threads=2 --max-requests=10 run,1804.43ms,9.0263s,2
1573942490-0,i-0069a2fb2881e526e,m5d.large,9.04527425765991,--test=cpu --cpu-max-prime=2000000 --num-threads=2 --max-requests=10 run,1804.16ms,9.0260s,2
1573942490-0,i-0069a2fb2881e526e,m5d.large,9.04275488853454,--test=cpu --cpu-max-prime=2000000 --num-threads=2 --max-requests=10 run,1803.21ms,9.0240s,2
1573942490-0,i-0069a2fb2881e526e,m5d.large,9.06240820884704,--test=cpu --cpu-max-prime=2000000 --num-threads=2 --max-requests=10 run,1806.67ms,9.0449s,2
1573942490-0,i-0069a2fb2881e526e,m5d.large,9.03835868835449,--test=cpu --cpu-max-prime=2000000 --num-threads=2 --max-requests=10 run,1803.43ms,9.0175s,2
1573942490-0,i-0069a2fb2881e526e,m5d.large,9.03972291946411,--test=cpu --cpu-max-prime=2000000 --num-threads=2 --max-requests=10 run,1803.48ms,9.0184s,2
1573942490-0,i-0069a2fb2881e526e,m5d.large,9.05272936820983,--test=cpu --cpu-max-prime=2000000 --num-threads=2 --max-requests=10 run,1804.88ms,9.0320s,2
1573942490-0,i-0069a2fb2881e526e,m5d.large,9.04405808448791,--test=cpu --cpu-max-prime=2000000 --num-threads=2 --max-requests=10 run,1803.96ms,9.0227s,2
1573942490-0,i-0069a2fb2881e526e,m5d.large,9.04216146469116,--test=cpu --cpu-max-prime=2000000 --num-threads=2 --max-requests=10 run,1803.76ms,9.0217s,2
1573942490-0,i-0069a2fb2881e526e,m5d.large,9.0681037902832,--test=cpu --cpu-max-prime=2000000 --num-threads=2 --max-requests=10 run,1805.81ms,9.0423s,2
1573942490-0,i-0096e0731defa5bcf,m5d.large,9.19698715209961,--test=cpu --cpu-max-prime=2000000 --num-threads=2 --max-requests=10 run,1804.03ms,9.0212s,2
1573942490-0,i-0096e0731defa5bcf,m5d.large,9.04313778877258,--test=cpu --cpu-max-prime=2000000 --num-threads=2 --max-requests=10 run,1803.51ms,9.0222s,2
1573942490-0,i-0096e0731defa5bcf,m5d.large,9.04434561729431,--test=cpu --cpu-max-prime=2000000 --num-threads=2 --max-requests=10 run,1803.26ms,9.0246s,2
1573942490-0,i-0096e0731defa5bcf,m5d.large,9.06702947616577,--test=cpu --cpu-max-prime=2000000 --num-threads=2 --max-requests=10 run,1806.41ms,9.0473s,2
1573942490-0,i-0096e0731defa5bcf,m5d.large,9.04744410514831,--test=cpu --cpu-max-prime=2000000 --num-threads=2 --max-requests=10 run,1803.06ms,9.0239s,2
1573942490-0,i-0096e0731defa5bcf,m5d.large,9.0478503704071,--test=cpu --cpu-max-prime=2000000 --num-threads=2 --max-requests=10 run,1803.14ms,9.0242s,2
1573942490-0,i-0096e0731defa5bcf,m5d.large,9.04765701293945,--test=cpu --cpu-max-prime=2000000 --num-threads=2 --max-requests=10 run,1804.76ms,9.0272s,2
1573942490-0,i-0096e0731defa5bcf,m5d.large,9.04450297355651,--test=cpu --cpu-max-prime=2000000 --num-threads=2 --max-requests=10 run,1803.65ms,9.0244s,2
1573942490-0,i-0096e0731defa5bcf,m5d.large,9.04374885559082,--test=cpu --cpu-max-prime=2000000 --num-threads=2 --max-requests=10 run,1803.19ms,9.0236s,2
1573942490-0,i-0096e0731defa5bcf,m5d.large,9.05151224136352,--test=cpu --cpu-max-prime=2000000 --num-threads=2 --max-requests=10 run,1805.20ms,9.0303s,2
1573942490-0,i-0a6946be11150d3cf,m5d.large,9.20235633850097,--test=cpu --cpu-max-prime=2000000 --num-threads=2 --max-requests=10 run,1803.43ms,9.0213s,2
1573942490-0,i-0a6946be11150d3cf,m5d.large,9.04963374137878,--test=cpu --cpu-max-prime=2000000 --num-threads=2 --max-requests=10 run,1805.56ms,9.0319s,2
1573942490-0,i-0a6946be11150d3cf,m5d.large,9.03981280326843,--test=cpu --cpu-max-prime=2000000 --num-threads=2 --max-requests=10 run,1804.17ms,9.0209s,2
1573942490-0,i-0a6946be11150d3cf,m5d.large,9.03942346572876,--test=cpu --cpu-max-prime=2000000 --num-threads=2 --max-requests=10 run,1803.60ms,9.0181s,2
1573942490-0,i-0a6946be11150d3cf,m5d.large,9.03812646865844,--test=cpu --cpu-max-prime=2000000 --num-threads=2 --max-requests=10 run,1803.47ms,9.0182s,2
1573942490-0,i-0a6946be11150d3cf,m5d.large,9.0452127456665,--test=cpu --cpu-max-prime=2000000 --num-threads=2 --max-requests=10 run,1804.93ms,9.0253s,2
1573942490-0,i-0a6946be11150d3cf,m5d.large,9.04550814628601,--test=cpu --cpu-max-prime=2000000 --num-threads=2 --max-requests=10 run,1804.62ms,9.0247s,2
1573942490-0,i-0a6946be11150d3cf,m5d.large,9.04362988471984,--test=cpu --cpu-max-prime=2000000 --num-threads=2 --max-requests=10 run,1803.23ms,9.0238s,2
1573942490-0,i-0a6946be11150d3cf,m5d.large,9.05498385429382,--test=cpu --cpu-max-prime=2000000 --num-threads=2 --max-requests=10 run,1806.36ms,9.0325s,2
1573942490-0,i-0a6946be11150d3cf,m5d.large,9.04620432853698,--test=cpu --cpu-max-prime=2000000 --num-threads=2 --max-requests=10 run,1803.34ms,9.0231s,2
1573942490-0,i-09ed11454ccbcef8f,m5d.large,8.0306122303009,--test=cpu --cpu-max-prime=2000000 --num-threads=2 --max-requests=10 run,1597.61ms,7.9907s,2
1573942490-0,i-09ed11454ccbcef8f,m5d.large,8.01235651969909,--test=cpu --cpu-max-prime=2000000 --num-threads=2 --max-requests=10 run,1597.42ms,7.9873s,2
1573942490-0,i-09ed11454ccbcef8f,m5d.large,8.01774930953979,--test=cpu --cpu-max-prime=2000000 --num-threads=2 --max-requests=10 run,1598.81ms,7.9949s,2
1573942490-0,i-09ed11454ccbcef8f,m5d.large,8.01276588439941,--test=cpu --cpu-max-prime=2000000 --num-threads=2 --max-requests=10 run,1597.67ms,7.9891s,2
1573942490-0,i-09ed11454ccbcef8f,m5d.large,8.01460123062133,--test=cpu --cpu-max-prime=2000000 --num-threads=2 --max-requests=10 run,1597.08ms,7.9890s,2
1573942490-0,i-09ed11454ccbcef8f,m5d.large,8.01772880554199,--test=cpu --cpu-max-prime=2000000 --num-threads=2 --max-requests=10 run,1597.63ms,7.9944s,2
1573942490-0,i-09ed11454ccbcef8f,m5d.large,8.01176643371582,--test=cpu --cpu-max-prime=2000000 --num-threads=2 --max-requests=10 run,1597.04ms,7.9867s,2
1573942490-0,i-09ed11454ccbcef8f,m5d.large,8.02261734008789,--test=cpu --cpu-max-prime=2000000 --num-threads=2 --max-requests=10 run,1598.19ms,7.9991s,2
1573942490-0,i-09ed11454ccbcef8f,m5d.large,8.0112886428833,--test=cpu --cpu-max-prime=2000000 --num-threads=2 --max-requests=10 run,1597.15ms,7.9879s,2
1573942490-0,i-09ed11454ccbcef8f,m5d.large,8.02488398551941,--test=cpu --cpu-max-prime=2000000 --num-threads=2 --max-requests=10 run,1598.11ms,7.9980s,2
1573942490-0,i-08f094191c88c5263,m5d.large,7.86010074615478,--test=cpu --cpu-max-prime=2000000 --num-threads=2 --max-requests=10 run,1551.87ms,7.7609s,2
1573942490-0,i-08f094191c88c5263,m5d.large,7.77678275108337,--test=cpu --cpu-max-prime=2000000 --num-threads=2 --max-requests=10 run,1551.65ms,7.7592s,2
1573942490-0,i-08f094191c88c5263,m5d.large,7.78151702880859,--test=cpu --cpu-max-prime=2000000 --num-threads=2 --max-requests=10 run,1551.93ms,7.7642s,2
1573942490-0,i-08f094191c88c5263,m5d.large,7.78373885154724,--test=cpu --cpu-max-prime=2000000 --num-threads=2 --max-requests=10 run,1552.60ms,7.7672s,2
1573942490-0,i-08f094191c88c5263,m5d.large,7.79241275787353,--test=cpu --cpu-max-prime=2000000 --num-threads=2 --max-requests=10 run,1552.72ms,7.7718s,2
1573942490-0,i-08f094191c88c5263,m5d.large,7.77807188034057,--test=cpu --cpu-max-prime=2000000 --num-threads=2 --max-requests=10 run,1551.48ms,7.7593s,2
1573942490-0,i-08f094191c88c5263,m5d.large,7.77956271171569,--test=cpu --cpu-max-prime=2000000 --num-threads=2 --max-requests=10 run,1551.46ms,7.7594s,2
1573942490-0,i-08f094191c88c5263,m5d.large,7.79364442825317,--test=cpu --cpu-max-prime=2000000 --num-threads=2 --max-requests=10 run,1553.66ms,7.7749s,2
1573942490-0,i-08f094191c88c5263,m5d.large,7.78020405769348,--test=cpu --cpu-max-prime=2000000 --num-threads=2 --max-requests=10 run,1551.87ms,7.7616s,2
1573942490-0,i-08f094191c88c5263,m5d.large,7.77827501296997,--test=cpu --cpu-max-prime=2000000 --num-threads=2 --max-requests=10 run,1551.46ms,7.7596s,2
1573942490-0,i-06f3ded19b65d040f,m5d.large,9.17543983459472,--test=cpu --cpu-max-prime=2000000 --num-threads=2 --max-requests=10 run,1805.15ms,9.0312s,2
1573942490-0,i-06f3ded19b65d040f,m5d.large,9.0460090637207,--test=cpu --cpu-max-prime=2000000 --num-threads=2 --max-requests=10 run,1803.37ms,9.0226s,2
1573942490-0,i-06f3ded19b65d040f,m5d.large,9.04111814498901,--test=cpu --cpu-max-prime=2000000 --num-threads=2 --max-requests=10 run,1803.32ms,9.0227s,2
1573942490-0,i-06f3ded19b65d040f,m5d.large,9.06414103507995,--test=cpu --cpu-max-prime=2000000 --num-threads=2 --max-requests=10 run,1806.05ms,9.0426s,2
1573942490-0,i-06f3ded19b65d040f,m5d.large,9.04289722442627,--test=cpu --cpu-max-prime=2000000 --num-threads=2 --max-requests=10 run,1803.08ms,9.0222s,2
1573942490-0,i-06f3ded19b65d040f,m5d.large,9.04326701164245,--test=cpu --cpu-max-prime=2000000 --num-threads=2 --max-requests=10 run,1803.13ms,9.0222s,2
1573942490-0,i-06f3ded19b65d040f,m5d.large,9.04685568809509,--test=cpu --cpu-max-prime=2000000 --num-threads=2 --max-requests=10 run,1804.88ms,9.0268s,2
1573942490-0,i-06f3ded19b65d040f,m5d.large,9.04515433311462,--test=cpu --cpu-max-prime=2000000 --num-threads=2 --max-requests=10 run,1803.35ms,9.0252s,2
1573942490-0,i-06f3ded19b65d040f,m5d.large,9.04918408393859,--test=cpu --cpu-max-prime=2000000 --num-threads=2 --max-requests=10 run,1803.81ms,9.0285s,2
1573942490-0,i-06f3ded19b65d040f,m5d.large,9.0482964515686,--test=cpu --cpu-max-prime=2000000 --num-threads=2 --max-requests=10 run,1804.91ms,9.0250s,2
1573942490-0,i-0b9926ad5c9938919,m5d.large,9.09271502494812,--test=cpu --cpu-max-prime=2000000 --num-threads=2 --max-requests=10 run,1805.10ms,9.0324s,2
1573942490-0,i-0b9926ad5c9938919,m5d.large,9.04030728340149,--test=cpu --cpu-max-prime=2000000 --num-threads=2 --max-requests=10 run,1803.65ms,9.0189s,2
1573942490-0,i-0b9926ad5c9938919,m5d.large,9.03710031509399,--test=cpu --cpu-max-prime=2000000 --num-threads=2 --max-requests=10 run,1803.44ms,9.0189s,2
1573942490-0,i-0b9926ad5c9938919,m5d.large,9.06214928627014,--test=cpu --cpu-max-prime=2000000 --num-threads=2 --max-requests=10 run,1806.21ms,9.0435s,2
1573942490-0,i-0b9926ad5c9938919,m5d.large,9.04032039642334,--test=cpu --cpu-max-prime=2000000 --num-threads=2 --max-requests=10 run,1803.36ms,9.0187s,2
1573942490-0,i-0b9926ad5c9938919,m5d.large,9.03892874717712,--test=cpu --cpu-max-prime=2000000 --num-threads=2 --max-requests=10 run,1803.49ms,9.0182s,2
1573942490-0,i-0b9926ad5c9938919,m5d.large,9.05477523803711,--test=cpu --cpu-max-prime=2000000 --num-threads=2 --max-requests=10 run,1805.76ms,9.0344s,2
1573942490-0,i-0b9926ad5c9938919,m5d.large,9.04464983940124,--test=cpu --cpu-max-prime=2000000 --num-threads=2 --max-requests=10 run,1804.30ms,9.0242s,2
1573942490-0,i-0b9926ad5c9938919,m5d.large,9.04318809509277,--test=cpu --cpu-max-prime=2000000 --num-threads=2 --max-requests=10 run,1803.61ms,9.0215s,2
1573942490-0,i-0b9926ad5c9938919,m5d.large,9.05049777030944,--test=cpu --cpu-max-prime=2000000 --num-threads=2 --max-requests=10 run,1805.05ms,9.0298s,2
1573942490-0,i-04a3348d90ef3a6ac,m5d.large,8.04679131507873,--test=cpu --cpu-max-prime=2000000 --num-threads=2 --max-requests=10 run,1596.92ms,7.9869s,2
1573942490-0,i-04a3348d90ef3a6ac,m5d.large,8.00726461410522,--test=cpu --cpu-max-prime=2000000 --num-threads=2 --max-requests=10 run,1596.99ms,7.9859s,2
1573942490-0,i-04a3348d90ef3a6ac,m5d.large,8.00688552856445,--test=cpu --cpu-max-prime=2000000 --num-threads=2 --max-requests=10 run,1596.98ms,7.9864s,2
1573942490-0,i-04a3348d90ef3a6ac,m5d.large,8.02732276916503,--test=cpu --cpu-max-prime=2000000 --num-threads=2 --max-requests=10 run,1599.59ms,8.0056s,2
1573942490-0,i-04a3348d90ef3a6ac,m5d.large,8.01001620292663,--test=cpu --cpu-max-prime=2000000 --num-threads=2 --max-requests=10 run,1596.79ms,7.9859s,2
1573942490-0,i-04a3348d90ef3a6ac,m5d.large,8.01461052894592,--test=cpu --cpu-max-prime=2000000 --num-threads=2 --max-requests=10 run,1596.61ms,7.9869s,2
1573942490-0,i-04a3348d90ef3a6ac,m5d.large,8.00946187973022,--test=cpu --cpu-max-prime=2000000 --num-threads=2 --max-requests=10 run,1596.56ms,7.9859s,2
1573942490-0,i-04a3348d90ef3a6ac,m5d.large,8.02064132690429,--test=cpu --cpu-max-prime=2000000 --num-threads=2 --max-requests=10 run,1598.33ms,7.9969s,2
1573942490-0,i-04a3348d90ef3a6ac,m5d.large,8.01327967643737,--test=cpu --cpu-max-prime=2000000 --num-threads=2 --max-requests=10 run,1597.00ms,7.9891s,2
1573942490-0,i-04a3348d90ef3a6ac,m5d.large,8.01134705543518,--test=cpu --cpu-max-prime=2000000 --num-threads=2 --max-requests=10 run,1596.81ms,7.9883s,2
1573942490-0,i-0935701764f9af451,m5d.large,7.93098402023315,--test=cpu --cpu-max-prime=2000000 --num-threads=2 --max-requests=10 run,1551.28ms,7.7590s,2
1573942490-0,i-0935701764f9af451,m5d.large,7.77996706962585,--test=cpu --cpu-max-prime=2000000 --num-threads=2 --max-requests=10 run,1551.15ms,7.7589s,2
1573942490-0,i-0935701764f9af451,m5d.large,7.78758859634399,--test=cpu --cpu-max-prime=2000000 --num-threads=2 --max-requests=10 run,1552.54ms,7.7640s,2
1573942490-0,i-0935701764f9af451,m5d.large,7.78354120254516,--test=cpu --cpu-max-prime=2000000 --num-threads=2 --max-requests=10 run,1551.94ms,7.7618s,2
1573942490-0,i-0935701764f9af451,m5d.large,7.78209710121154,--test=cpu --cpu-max-prime=2000000 --num-threads=2 --max-requests=10 run,1551.42ms,7.7608s,2
1573942490-0,i-0935701764f9af451,m5d.large,7.78382301330566,--test=cpu --cpu-max-prime=2000000 --num-threads=2 --max-requests=10 run,1551.40ms,7.7609s,2
1573942490-0,i-0935701764f9af451,m5d.large,7.78272604942321,--test=cpu --cpu-max-prime=2000000 --num-threads=2 --max-requests=10 run,1551.98ms,7.7601s,2
1573942490-0,i-0935701764f9af451,m5d.large,7.78482031822204,--test=cpu --cpu-max-prime=2000000 --num-threads=2 --max-requests=10 run,1552.09ms,7.7615s,2
1573942490-0,i-0935701764f9af451,m5d.large,7.78157520294189,--test=cpu --cpu-max-prime=2000000 --num-threads=2 --max-requests=10 run,1551.33ms,7.7601s,2
1573942490-0,i-0935701764f9af451,m5d.large,7.78617119789123,--test=cpu --cpu-max-prime=2000000 --num-threads=2 --max-requests=10 run,1551.68ms,7.7641s,2
1573942490-0,i-0260e33164c158580,m5d.large,8.0231704711914,--test=cpu --cpu-max-prime=2000000 --num-threads=2 --max-requests=10 run,1597.77ms,7.9903s,2
1573942490-0,i-0260e33164c158580,m5d.large,8.00938439369201,--test=cpu --cpu-max-prime=2000000 --num-threads=2 --max-requests=10 run,1597.59ms,7.9885s,2
1573942490-0,i-0260e33164c158580,m5d.large,8.01629328727722,--test=cpu --cpu-max-prime=2000000 --num-threads=2 --max-requests=10 run,1598.44ms,7.9949s,2
1573942490-0,i-0260e33164c158580,m5d.large,8.01759076118469,--test=cpu --cpu-max-prime=2000000 --num-threads=2 --max-requests=10 run,1598.94ms,7.9954s,2
1573942490-0,i-0260e33164c158580,m5d.large,8.01162385940551,--test=cpu --cpu-max-prime=2000000 --num-threads=2 --max-requests=10 run,1597.13ms,7.9884s,2
1573942490-0,i-0260e33164c158580,m5d.large,8.01021480560302,--test=cpu --cpu-max-prime=2000000 --num-threads=2 --max-requests=10 run,1596.74ms,7.9864s,2
1573942490-0,i-0260e33164c158580,m5d.large,8.01232838630676,--test=cpu --cpu-max-prime=2000000 --num-threads=2 --max-requests=10 run,1598.05ms,7.9908s,2
1573942490-0,i-0260e33164c158580,m5d.large,8.02876901626587,--test=cpu --cpu-max-prime=2000000 --num-threads=2 --max-requests=10 run,1599.68ms,8.0052s,2
1573942490-0,i-0260e33164c158580,m5d.large,8.01089835166931,--test=cpu --cpu-max-prime=2000000 --num-threads=2 --max-requests=10 run,1597.05ms,7.9890s,2
1573942490-0,i-0260e33164c158580,m5d.large,8.01070046424865,--test=cpu --cpu-max-prime=2000000 --num-threads=2 --max-requests=10 run,1596.69ms,7.9872s,2
1573942490-0,i-0734e46ea93248b96,m5d.large,7.89471530914306,--test=cpu --cpu-max-prime=2000000 --num-threads=2 --max-requests=10 run,1551.53ms,7.7582s,2
1573942490-0,i-0734e46ea93248b96,m5d.large,7.77516508102417,--test=cpu --cpu-max-prime=2000000 --num-threads=2 --max-requests=10 run,1551.52ms,7.7584s,2
1573942490-0,i-0734e46ea93248b96,m5d.large,7.77546310424804,--test=cpu --cpu-max-prime=2000000 --num-threads=2 --max-requests=10 run,1551.34ms,7.7582s,2
1573942490-0,i-0734e46ea93248b96,m5d.large,7.79483723640441,--test=cpu --cpu-max-prime=2000000 --num-threads=2 --max-requests=10 run,1553.87ms,7.7755s,2
1573942490-0,i-0734e46ea93248b96,m5d.large,7.7786648273468,--test=cpu --cpu-max-prime=2000000 --num-threads=2 --max-requests=10 run,1551.26ms,7.7574s,2
1573942490-0,i-0734e46ea93248b96,m5d.large,7.77966737747192,--test=cpu --cpu-max-prime=2000000 --num-threads=2 --max-requests=10 run,1551.31ms,7.7578s,2
1573942490-0,i-0734e46ea93248b96,m5d.large,7.77650022506713,--test=cpu --cpu-max-prime=2000000 --num-threads=2 --max-requests=10 run,1551.25ms,7.7574s,2
1573942490-0,i-0734e46ea93248b96,m5d.large,7.78819179534912,--test=cpu --cpu-max-prime=2000000 --num-threads=2 --max-requests=10 run,1552.66ms,7.7689s,2
1573942490-0,i-0734e46ea93248b96,m5d.large,7.77792358398437,--test=cpu --cpu-max-prime=2000000 --num-threads=2 --max-requests=10 run,1551.48ms,7.7578s,2
1573942490-0,i-0734e46ea93248b96,m5d.large,7.77843213081359,--test=cpu --cpu-max-prime=2000000 --num-threads=2 --max-requests=10 run,1551.41ms,7.7579s,2
1573942490-0,i-0431f5b0ba4f686c8,m5d.large,8.11259269714355,--test=cpu --cpu-max-prime=2000000 --num-threads=2 --max-requests=10 run,1597.10ms,7.9904s,2
1573942490-0,i-0431f5b0ba4f686c8,m5d.large,8.01633262634277,--test=cpu --cpu-max-prime=2000000 --num-threads=2 --max-requests=10 run,1597.61ms,7.9933s,2
1573942490-0,i-0431f5b0ba4f686c8,m5d.large,8.01195359230041,--test=cpu --cpu-max-prime=2000000 --num-threads=2 --max-requests=10 run,1597.14ms,7.9864s,2
1573942490-0,i-0431f5b0ba4f686c8,m5d.large,8.03179955482482,--test=cpu --cpu-max-prime=2000000 --num-threads=2 --max-requests=10 run,1599.64ms,8.0054s,2
1573942490-0,i-0431f5b0ba4f686c8,m5d.large,8.01455068588256,--test=cpu --cpu-max-prime=2000000 --num-threads=2 --max-requests=10 run,1597.07ms,7.9865s,2
1573942490-0,i-0431f5b0ba4f686c8,m5d.large,8.014493227005,--test=cpu --cpu-max-prime=2000000 --num-threads=2 --max-requests=10 run,1596.97ms,7.9868s,2
1573942490-0,i-0431f5b0ba4f686c8,m5d.large,8.01343488693237,--test=cpu --cpu-max-prime=2000000 --num-threads=2 --max-requests=10 run,1596.79ms,7.9862s,2
1573942490-0,i-0431f5b0ba4f686c8,m5d.large,8.02778720855712,--test=cpu --cpu-max-prime=2000000 --num-threads=2 --max-requests=10 run,1599.36ms,8.0013s,2
1573942490-0,i-0431f5b0ba4f686c8,m5d.large,8.01569819450378,--test=cpu --cpu-max-prime=2000000 --num-threads=2 --max-requests=10 run,1597.57ms,7.9908s,2
1573942490-0,i-0431f5b0ba4f686c8,m5d.large,8.01583170890808,--test=cpu --cpu-max-prime=2000000 --num-threads=2 --max-requests=10 run,1596.98ms,7.9901s,2
1573942490-0,i-0859c1efd18620040,m5d.large,7.78927993774414,--test=cpu --cpu-max-prime=2000000 --num-threads=2 --max-requests=10 run,1551.79ms,7.7617s,2
1573942490-0,i-0859c1efd18620040,m5d.large,7.77791309356689,--test=cpu --cpu-max-prime=2000000 --num-threads=2 --max-requests=10 run,1551.59ms,7.7616s,2
1573942490-0,i-0859c1efd18620040,m5d.large,7.79304647445678,--test=cpu --cpu-max-prime=2000000 --num-threads=2 --max-requests=10 run,1553.36ms,7.7766s,2
1573942490-0,i-0859c1efd18620040,m5d.large,7.77981376647949,--test=cpu --cpu-max-prime=2000000 --num-threads=2 --max-requests=10 run,1551.71ms,7.7628s,2
1573942490-0,i-0859c1efd18620040,m5d.large,7.77865576744079,--test=cpu --cpu-max-prime=2000000 --num-threads=2 --max-requests=10 run,1551.77ms,7.7627s,2
1573942490-0,i-0859c1efd18620040,m5d.large,7.78968000411987,--test=cpu --cpu-max-prime=2000000 --num-threads=2 --max-requests=10 run,1552.60ms,7.7711s,2
1573942490-0,i-0859c1efd18620040,m5d.large,7.78122043609619,--test=cpu --cpu-max-prime=2000000 --num-threads=2 --max-requests=10 run,1551.60ms,7.7620s,2
1573942490-0,i-0859c1efd18620040,m5d.large,7.78962397575378,--test=cpu --cpu-max-prime=2000000 --num-threads=2 --max-requests=10 run,1552.92ms,7.7694s,2
1573942490-0,i-0859c1efd18620040,m5d.large,7.77937960624694,--test=cpu --cpu-max-prime=2000000 --num-threads=2 --max-requests=10 run,1551.54ms,7.7612s,2
1573942490-0,i-0859c1efd18620040,m5d.large,7.78808879852294,--test=cpu --cpu-max-prime=2000000 --num-threads=2 --max-requests=10 run,1552.84ms,7.7702s,2
1573942490-0,i-097c3e46dcf390d8a,m5d.large,7.78855943679809,--test=cpu --cpu-max-prime=2000000 --num-threads=2 --max-requests=10 run,1551.94ms,7.7628s,2
1573942490-0,i-097c3e46dcf390d8a,m5d.large,7.77706003189086,--test=cpu --cpu-max-prime=2000000 --num-threads=2 --max-requests=10 run,1551.90ms,7.7598s,2
1573942490-0,i-097c3e46dcf390d8a,m5d.large,7.78475046157836,--test=cpu --cpu-max-prime=2000000 --num-threads=2 --max-requests=10 run,1553.00ms,7.7685s,2
1573942490-0,i-097c3e46dcf390d8a,m5d.large,7.78188943862915,--test=cpu --cpu-max-prime=2000000 --num-threads=2 --max-requests=10 run,1553.01ms,7.7652s,2
1573942490-0,i-097c3e46dcf390d8a,m5d.large,7.7813069820404,--test=cpu --cpu-max-prime=2000000 --num-threads=2 --max-requests=10 run,1552.71ms,7.7642s,2
1573942490-0,i-097c3e46dcf390d8a,m5d.large,7.77691602706909,--test=cpu --cpu-max-prime=2000000 --num-threads=2 --max-requests=10 run,1551.79ms,7.7597s,2
1573942490-0,i-097c3e46dcf390d8a,m5d.large,7.7990243434906,--test=cpu --cpu-max-prime=2000000 --num-threads=2 --max-requests=10 run,1554.59ms,7.7809s,2
1573942490-0,i-097c3e46dcf390d8a,m5d.large,7.78533792495727,--test=cpu --cpu-max-prime=2000000 --num-threads=2 --max-requests=10 run,1552.48ms,7.7667s,2
1573942490-0,i-097c3e46dcf390d8a,m5d.large,7.78124475479126,--test=cpu --cpu-max-prime=2000000 --num-threads=2 --max-requests=10 run,1551.66ms,7.7630s,2
1573942490-0,i-097c3e46dcf390d8a,m5d.large,7.78604364395141,--test=cpu --cpu-max-prime=2000000 --num-threads=2 --max-requests=10 run,1552.04ms,7.7674s,2
1573942490-0,i-0e2bba3028e57b933,m5d.large,8.0605034828186,--test=cpu --cpu-max-prime=2000000 --num-threads=2 --max-requests=10 run,1597.07ms,7.9895s,2
1573942490-0,i-0e2bba3028e57b933,m5d.large,8.01295065879821,--test=cpu --cpu-max-prime=2000000 --num-threads=2 --max-requests=10 run,1597.23ms,7.9875s,2
1573942490-0,i-0e2bba3028e57b933,m5d.large,8.01506304740905,--test=cpu --cpu-max-prime=2000000 --num-threads=2 --max-requests=10 run,1597.39ms,7.9914s,2
1573942490-0,i-0e2bba3028e57b933,m5d.large,8.02233052253723,--test=cpu --cpu-max-prime=2000000 --num-threads=2 --max-requests=10 run,1599.66ms,7.9995s,2
1573942490-0,i-0e2bba3028e57b933,m5d.large,8.01564288139343,--test=cpu --cpu-max-prime=2000000 --num-threads=2 --max-requests=10 run,1596.93ms,7.9870s,2
1573942490-0,i-0e2bba3028e57b933,m5d.large,8.01359796524047,--test=cpu --cpu-max-prime=2000000 --num-threads=2 --max-requests=10 run,1597.08ms,7.9880s,2
1573942490-0,i-0e2bba3028e57b933,m5d.large,8.01826405525207,--test=cpu --cpu-max-prime=2000000 --num-threads=2 --max-requests=10 run,1597.55ms,7.9913s,2
1573942490-0,i-0e2bba3028e57b933,m5d.large,8.03036594390869,--test=cpu --cpu-max-prime=2000000 --num-threads=2 --max-requests=10 run,1598.74ms,7.9979s,2
1573942490-0,i-0e2bba3028e57b933,m5d.large,8.01884365081787,--test=cpu --cpu-max-prime=2000000 --num-threads=2 --max-requests=10 run,1597.53ms,7.9923s,2
1573942490-0,i-0e2bba3028e57b933,m5d.large,8.01496529579162,--test=cpu --cpu-max-prime=2000000 --num-threads=2 --max-requests=10 run,1597.25ms,7.9884s,2
1573942490-0,i-0fe52617ed49f921d,m5d.large,9.11922025680542,--test=cpu --cpu-max-prime=2000000 --num-threads=2 --max-requests=10 run,1803.39ms,9.0231s,2
1573942490-0,i-0fe52617ed49f921d,m5d.large,9.06074023246765,--test=cpu --cpu-max-prime=2000000 --num-threads=2 --max-requests=10 run,1804.77ms,9.0350s,2
1573942490-0,i-0fe52617ed49f921d,m5d.large,9.05193305015564,--test=cpu --cpu-max-prime=2000000 --num-threads=2 --max-requests=10 run,1804.05ms,9.0260s,2
1573942490-0,i-0fe52617ed49f921d,m5d.large,9.06417059898376,--test=cpu --cpu-max-prime=2000000 --num-threads=2 --max-requests=10 run,1805.73ms,9.0376s,2
1573942490-0,i-0fe52617ed49f921d,m5d.large,9.04645752906799,--test=cpu --cpu-max-prime=2000000 --num-threads=2 --max-requests=10 run,1803.58ms,9.0188s,2
1573942490-0,i-0fe52617ed49f921d,m5d.large,9.04759168624878,--test=cpu --cpu-max-prime=2000000 --num-threads=2 --max-requests=10 run,1803.70ms,9.0195s,2
1573942490-0,i-0fe52617ed49f921d,m5d.large,9.05956578254699,--test=cpu --cpu-max-prime=2000000 --num-threads=2 --max-requests=10 run,1805.16ms,9.0293s,2
1573942490-0,i-0fe52617ed49f921d,m5d.large,9.05517578125,--test=cpu --cpu-max-prime=2000000 --num-threads=2 --max-requests=10 run,1803.76ms,9.0287s,2
1573942490-0,i-0fe52617ed49f921d,m5d.large,9.05515527725219,--test=cpu --cpu-max-prime=2000000 --num-threads=2 --max-requests=10 run,1803.61ms,9.0278s,2
1573942490-0,i-0fe52617ed49f921d,m5d.large,9.05575680732727,--test=cpu --cpu-max-prime=2000000 --num-threads=2 --max-requests=10 run,1804.88ms,9.0280s,2
1573942490-0,i-0ff32a7bce1e3a734,m5d.large,8.01550149917602,--test=cpu --cpu-max-prime=2000000 --num-threads=2 --max-requests=10 run,1597.68ms,7.9885s,2
1573942490-0,i-0ff32a7bce1e3a734,m5d.large,8.0075945854187,--test=cpu --cpu-max-prime=2000000 --num-threads=2 --max-requests=10 run,1597.00ms,7.9888s,2
1573942490-0,i-0ff32a7bce1e3a734,m5d.large,8.01659131050109,--test=cpu --cpu-max-prime=2000000 --num-threads=2 --max-requests=10 run,1598.34ms,7.9985s,2
1573942490-0,i-0ff32a7bce1e3a734,m5d.large,8.00958943367004,--test=cpu --cpu-max-prime=2000000 --num-threads=2 --max-requests=10 run,1597.31ms,7.9915s,2
1573942490-0,i-0ff32a7bce1e3a734,m5d.large,8.00906658172607,--test=cpu --cpu-max-prime=2000000 --num-threads=2 --max-requests=10 run,1597.80ms,7.9906s,2
1573942490-0,i-0ff32a7bce1e3a734,m5d.large,8.00745558738708,--test=cpu --cpu-max-prime=2000000 --num-threads=2 --max-requests=10 run,1596.93ms,7.9861s,2
1573942490-0,i-0ff32a7bce1e3a734,m5d.large,8.01318192481994,--test=cpu --cpu-max-prime=2000000 --num-threads=2 --max-requests=10 run,1598.03ms,7.9930s,2
1573942490-0,i-0ff32a7bce1e3a734,m5d.large,8.01306223869323,--test=cpu --cpu-max-prime=2000000 --num-threads=2 --max-requests=10 run,1598.06ms,7.9934s,2
1573942490-0,i-0ff32a7bce1e3a734,m5d.large,8.00712323188781,--test=cpu --cpu-max-prime=2000000 --num-threads=2 --max-requests=10 run,1597.00ms,7.9874s,2
1573942490-0,i-0ff32a7bce1e3a734,m5d.large,8.00878024101257,--test=cpu --cpu-max-prime=2000000 --num-threads=2 --max-requests=10 run,1597.43ms,7.9895s,2
1573942490-0,i-0b9ff58588e16d551,m5d.large,9.16600370407104,--test=cpu --cpu-max-prime=2000000 --num-threads=2 --max-requests=10 run,1804.11ms,9.0245s,2
1573942490-0,i-0b9ff58588e16d551,m5d.large,9.04077434539795,--test=cpu --cpu-max-prime=2000000 --num-threads=2 --max-requests=10 run,1803.39ms,9.0192s,2
1573942490-0,i-0b9ff58588e16d551,m5d.large,9.04400944709777,--test=cpu --cpu-max-prime=2000000 --num-threads=2 --max-requests=10 run,1803.65ms,9.0192s,2
1573942490-0,i-0b9ff58588e16d551,m5d.large,9.06503820419311,--test=cpu --cpu-max-prime=2000000 --num-threads=2 --max-requests=10 run,1806.19ms,9.0417s,2
1573942490-0,i-0b9ff58588e16d551,m5d.large,9.04517197608947,--test=cpu --cpu-max-prime=2000000 --num-threads=2 --max-requests=10 run,1803.51ms,9.0194s,2
1573942490-0,i-0b9ff58588e16d551,m5d.large,9.04510855674743,--test=cpu --cpu-max-prime=2000000 --num-threads=2 --max-requests=10 run,1803.83ms,9.0217s,2
1573942490-0,i-0b9ff58588e16d551,m5d.large,9.05664277076721,--test=cpu --cpu-max-prime=2000000 --num-threads=2 --max-requests=10 run,1805.63ms,9.0323s,2
1573942490-0,i-0b9ff58588e16d551,m5d.large,9.04755806922912,--test=cpu --cpu-max-prime=2000000 --num-threads=2 --max-requests=10 run,1803.63ms,9.0248s,2
1573942490-0,i-0b9ff58588e16d551,m5d.large,9.04874944686889,--test=cpu --cpu-max-prime=2000000 --num-threads=2 --max-requests=10 run,1803.47ms,9.0256s,2
1573942490-0,i-0b9ff58588e16d551,m5d.large,9.05422210693359,--test=cpu --cpu-max-prime=2000000 --num-threads=2 --max-requests=10 run,1805.42ms,9.0308s,2
1573942490-0,i-00b268a4ae508cf2f,m5d.large,8.01118016242981,--test=cpu --cpu-max-prime=2000000 --num-threads=2 --max-requests=10 run,1596.53ms,7.9861s,2
1573942490-0,i-00b268a4ae508cf2f,m5d.large,8.00623154640197,--test=cpu --cpu-max-prime=2000000 --num-threads=2 --max-requests=10 run,1597.32ms,7.9886s,2
1573942490-0,i-00b268a4ae508cf2f,m5d.large,8.0188820362091,--test=cpu --cpu-max-prime=2000000 --num-threads=2 --max-requests=10 run,1598.04ms,7.9995s,2
1573942490-0,i-00b268a4ae508cf2f,m5d.large,8.01460242271423,--test=cpu --cpu-max-prime=2000000 --num-threads=2 --max-requests=10 run,1598.63ms,7.9964s,2
1573942490-0,i-00b268a4ae508cf2f,m5d.large,8.00461649894714,--test=cpu --cpu-max-prime=2000000 --num-threads=2 --max-requests=10 run,1596.47ms,7.9846s,2
1573942490-0,i-00b268a4ae508cf2f,m5d.large,8.00613570213317,--test=cpu --cpu-max-prime=2000000 --num-threads=2 --max-requests=10 run,1596.52ms,7.9852s,2
1573942490-0,i-00b268a4ae508cf2f,m5d.large,8.01474738121032,--test=cpu --cpu-max-prime=2000000 --num-threads=2 --max-requests=10 run,1597.52ms,7.9948s,2
1573942490-0,i-00b268a4ae508cf2f,m5d.large,8.01029419898986,--test=cpu --cpu-max-prime=2000000 --num-threads=2 --max-requests=10 run,1597.44ms,7.9908s,2
1573942490-0,i-00b268a4ae508cf2f,m5d.large,8.00786828994751,--test=cpu --cpu-max-prime=2000000 --num-threads=2 --max-requests=10 run,1596.90ms,7.9884s,2
1573942490-0,i-00b268a4ae508cf2f,m5d.large,8.01554751396179,--test=cpu --cpu-max-prime=2000000 --num-threads=2 --max-requests=10 run,1597.63ms,7.9964s,2
1573942490-0,i-0564c4e163025661e,m5d.large,8.14339685440063,--test=cpu --cpu-max-prime=2000000 --num-threads=2 --max-requests=10 run,1597.30ms,7.9883s,2
1573942490-0,i-0564c4e163025661e,m5d.large,8.00750827789306,--test=cpu --cpu-max-prime=2000000 --num-threads=2 --max-requests=10 run,1596.86ms,7.9861s,2
1573942490-0,i-0564c4e163025661e,m5d.large,8.01428890228271,--test=cpu --cpu-max-prime=2000000 --num-threads=2 --max-requests=10 run,1598.21ms,7.9933s,2
1573942490-0,i-0564c4e163025661e,m5d.large,8.00915837287902,--test=cpu --cpu-max-prime=2000000 --num-threads=2 --max-requests=10 run,1597.05ms,7.9860s,2
1573942490-0,i-0564c4e163025661e,m5d.large,8.00991225242614,--test=cpu --cpu-max-prime=2000000 --num-threads=2 --max-requests=10 run,1596.88ms,7.9866s,2
1573942490-0,i-0564c4e163025661e,m5d.large,8.00972127914428,--test=cpu --cpu-max-prime=2000000 --num-threads=2 --max-requests=10 run,1596.83ms,7.9865s,2
1573942490-0,i-0564c4e163025661e,m5d.large,8.01322793960571,--test=cpu --cpu-max-prime=2000000 --num-threads=2 --max-requests=10 run,1597.58ms,7.9894s,2
1573942490-0,i-0564c4e163025661e,m5d.large,8.01775431632995,--test=cpu --cpu-max-prime=2000000 --num-threads=2 --max-requests=10 run,1598.03ms,7.9940s,2
1573942490-0,i-0564c4e163025661e,m5d.large,8.01279497146606,--test=cpu --cpu-max-prime=2000000 --num-threads=2 --max-requests=10 run,1596.96ms,7.9880s,2
1573942490-0,i-0564c4e163025661e,m5d.large,8.0210108757019,--test=cpu --cpu-max-prime=2000000 --num-threads=2 --max-requests=10 run,1598.58ms,7.9965s,2
1573942490-0,i-07aba7fdbc894c5fb,m5d.large,8.01536989212036,--test=cpu --cpu-max-prime=2000000 --num-threads=2 --max-requests=10 run,1597.08ms,7.9870s,2
1573942490-0,i-07aba7fdbc894c5fb,m5d.large,8.0055284500122,--test=cpu --cpu-max-prime=2000000 --num-threads=2 --max-requests=10 run,1597.09ms,7.9867s,2
1573942490-0,i-07aba7fdbc894c5fb,m5d.large,8.02265429496765,--test=cpu --cpu-max-prime=2000000 --num-threads=2 --max-requests=10 run,1599.69ms,8.0047s,2
1573942490-0,i-07aba7fdbc894c5fb,m5d.large,8.00783443450927,--test=cpu --cpu-max-prime=2000000 --num-threads=2 --max-requests=10 run,1597.08ms,7.9883s,2
1573942490-0,i-07aba7fdbc894c5fb,m5d.large,8.0081934928894,--test=cpu --cpu-max-prime=2000000 --num-threads=2 --max-requests=10 run,1596.88ms,7.9877s,2
1573942490-0,i-07aba7fdbc894c5fb,m5d.large,8.01266169548034,--test=cpu --cpu-max-prime=2000000 --num-threads=2 --max-requests=10 run,1597.55ms,7.9923s,2
1573942490-0,i-07aba7fdbc894c5fb,m5d.large,8.0096116065979,--test=cpu --cpu-max-prime=2000000 --num-threads=2 --max-requests=10 run,1597.31ms,7.9887s,2
1573942490-0,i-07aba7fdbc894c5fb,m5d.large,8.01474857330322,--test=cpu --cpu-max-prime=2000000 --num-threads=2 --max-requests=10 run,1597.96ms,7.9944s,2
1573942490-0,i-07aba7fdbc894c5fb,m5d.large,8.00683784484863,--test=cpu --cpu-max-prime=2000000 --num-threads=2 --max-requests=10 run,1597.02ms,7.9868s,2
1573942490-0,i-07aba7fdbc894c5fb,m5d.large,8.01909637451171,--test=cpu --cpu-max-prime=2000000 --num-threads=2 --max-requests=10 run,1598.45ms,7.9988s,2
1573942490-0,i-0330f8e04fb45f4ac,m5d.large,8.09191536903381,--test=cpu --cpu-max-prime=2000000 --num-threads=2 --max-requests=10 run,1597.50ms,7.9896s,2
1573942490-0,i-0330f8e04fb45f4ac,m5d.large,8.01128005981445,--test=cpu --cpu-max-prime=2000000 --num-threads=2 --max-requests=10 run,1596.95ms,7.9880s,2
1573942490-0,i-0330f8e04fb45f4ac,m5d.large,8.02210593223571,--test=cpu --cpu-max-prime=2000000 --num-threads=2 --max-requests=10 run,1598.62ms,7.9970s,2
1573942490-0,i-0330f8e04fb45f4ac,m5d.large,8.01412439346313,--test=cpu --cpu-max-prime=2000000 --num-threads=2 --max-requests=10 run,1597.66ms,7.9893s,2
1573942490-0,i-0330f8e04fb45f4ac,m5d.large,8.01409721374511,--test=cpu --cpu-max-prime=2000000 --num-threads=2 --max-requests=10 run,1597.26ms,7.9870s,2
1573942490-0,i-0330f8e04fb45f4ac,m5d.large,8.01385569572448,--test=cpu --cpu-max-prime=2000000 --num-threads=2 --max-requests=10 run,1596.98ms,7.9862s,2
1573942490-0,i-0330f8e04fb45f4ac,m5d.large,8.02529716491699,--test=cpu --cpu-max-prime=2000000 --num-threads=2 --max-requests=10 run,1597.97ms,7.9980s,2
1573942490-0,i-0330f8e04fb45f4ac,m5d.large,8.02855372428894,--test=cpu --cpu-max-prime=2000000 --num-threads=2 --max-requests=10 run,1598.24ms,7.9979s,2
1573942490-0,i-0330f8e04fb45f4ac,m5d.large,8.01472878456115,--test=cpu --cpu-max-prime=2000000 --num-threads=2 --max-requests=10 run,1597.30ms,7.9871s,2
1573942490-0,i-0330f8e04fb45f4ac,m5d.large,8.01483345031738,--test=cpu --cpu-max-prime=2000000 --num-threads=2 --max-requests=10 run,1597.62ms,7.9903s,2
1573942490-0,i-0314d213ca75d492b,m5d.large,9.08700561523437,--test=cpu --cpu-max-prime=2000000 --num-threads=2 --max-requests=10 run,1803.39ms,9.0245s,2
1573942490-0,i-0314d213ca75d492b,m5d.large,9.06492209434509,--test=cpu --cpu-max-prime=2000000 --num-threads=2 --max-requests=10 run,1804.98ms,9.0324s,2
1573942490-0,i-0314d213ca75d492b,m5d.large,9.04889893531799,--test=cpu --cpu-max-prime=2000000 --num-threads=2 --max-requests=10 run,1804.27ms,9.0238s,2
1573942490-0,i-0314d213ca75d492b,m5d.large,9.04440855979919,--test=cpu --cpu-max-prime=2000000 --num-threads=2 --max-requests=10 run,1803.71ms,9.0192s,2
1573942490-0,i-0314d213ca75d492b,m5d.large,9.04745626449585,--test=cpu --cpu-max-prime=2000000 --num-threads=2 --max-requests=10 run,1803.67ms,9.0187s,2
1573942490-0,i-0314d213ca75d492b,m5d.large,9.05432343482971,--test=cpu --cpu-max-prime=2000000 --num-threads=2 --max-requests=10 run,1804.32ms,9.0231s,2
1573942490-0,i-0314d213ca75d492b,m5d.large,9.05431604385376,--test=cpu --cpu-max-prime=2000000 --num-threads=2 --max-requests=10 run,1804.97ms,9.0262s,2
1573942490-0,i-0314d213ca75d492b,m5d.large,9.05934238433837,--test=cpu --cpu-max-prime=2000000 --num-threads=2 --max-requests=10 run,1804.18ms,9.0334s,2
1573942490-0,i-0314d213ca75d492b,m5d.large,9.07662415504455,--test=cpu --cpu-max-prime=2000000 --num-threads=2 --max-requests=10 run,1806.50ms,9.0488s,2
1573942490-0,i-0314d213ca75d492b,m5d.large,9.05294251441955,--test=cpu --cpu-max-prime=2000000 --num-threads=2 --max-requests=10 run,1803.36ms,9.0263s,2
1573942490-0,i-031b2f76071a565fc,m5d.large,9.18999743461608,--test=cpu --cpu-max-prime=2000000 --num-threads=2 --max-requests=10 run,1803.30ms,9.0219s,2
1573942490-0,i-031b2f76071a565fc,m5d.large,9.04490256309509,--test=cpu --cpu-max-prime=2000000 --num-threads=2 --max-requests=10 run,1803.22ms,9.0214s,2
1573942490-0,i-031b2f76071a565fc,m5d.large,9.04555058479309,--test=cpu --cpu-max-prime=2000000 --num-threads=2 --max-requests=10 run,1805.46ms,9.0276s,2
1573942490-0,i-031b2f76071a565fc,m5d.large,9.04310965538024,--test=cpu --cpu-max-prime=2000000 --num-threads=2 --max-requests=10 run,1803.39ms,9.0230s,2
1573942490-0,i-031b2f76071a565fc,m5d.large,9.04593086242675,--test=cpu --cpu-max-prime=2000000 --num-threads=2 --max-requests=10 run,1803.64ms,9.0259s,2
1573942490-0,i-031b2f76071a565fc,m5d.large,9.04596614837646,--test=cpu --cpu-max-prime=2000000 --num-threads=2 --max-requests=10 run,1804.08ms,9.0252s,2
1573942490-0,i-031b2f76071a565fc,m5d.large,9.05673313140869,--test=cpu --cpu-max-prime=2000000 --num-threads=2 --max-requests=10 run,1804.76ms,9.0353s,2
1573942490-0,i-031b2f76071a565fc,m5d.large,9.04223585128784,--test=cpu --cpu-max-prime=2000000 --num-threads=2 --max-requests=10 run,1804.17ms,9.0212s,2
1573942490-0,i-031b2f76071a565fc,m5d.large,9.04721593856811,--test=cpu --cpu-max-prime=2000000 --num-threads=2 --max-requests=10 run,1804.63ms,9.0264s,2
1573942490-0,i-031b2f76071a565fc,m5d.large,9.05755114555358,--test=cpu --cpu-max-prime=2000000 --num-threads=2 --max-requests=10 run,1804.83ms,9.0376s,2
1573942490-0,i-0b218a39a18187a2a,m5d.large,8.01908135414123,--test=cpu --cpu-max-prime=2000000 --num-threads=2 --max-requests=10 run,1597.08ms,7.9870s,2
1573942490-0,i-0b218a39a18187a2a,m5d.large,8.00803017616272,--test=cpu --cpu-max-prime=2000000 --num-threads=2 --max-requests=10 run,1596.82ms,7.9857s,2
1573942490-0,i-0b218a39a18187a2a,m5d.large,8.01757884025573,--test=cpu --cpu-max-prime=2000000 --num-threads=2 --max-requests=10 run,1598.29ms,7.9952s,2
1573942490-0,i-0b218a39a18187a2a,m5d.large,8.01671242713928,--test=cpu --cpu-max-prime=2000000 --num-threads=2 --max-requests=10 run,1598.66ms,7.9946s,2
1573942490-0,i-0b218a39a18187a2a,m5d.large,8.01267862319946,--test=cpu --cpu-max-prime=2000000 --num-threads=2 --max-requests=10 run,1596.82ms,7.9858s,2
1573942490-0,i-0b218a39a18187a2a,m5d.large,8.01320886611938,--test=cpu --cpu-max-prime=2000000 --num-threads=2 --max-requests=10 run,1597.08ms,7.9888s,2
1573942490-0,i-0b218a39a18187a2a,m5d.large,8.02055239677429,--test=cpu --cpu-max-prime=2000000 --num-threads=2 --max-requests=10 run,1597.80ms,7.9970s,2
1573942490-0,i-0b218a39a18187a2a,m5d.large,8.0138611793518,--test=cpu --cpu-max-prime=2000000 --num-threads=2 --max-requests=10 run,1597.70ms,7.9896s,2
1573942490-0,i-0b218a39a18187a2a,m5d.large,8.00890493392944,--test=cpu --cpu-max-prime=2000000 --num-threads=2 --max-requests=10 run,1596.93ms,7.9851s,2
1573942490-0,i-0b218a39a18187a2a,m5d.large,8.0167543888092,--test=cpu --cpu-max-prime=2000000 --num-threads=2 --max-requests=10 run,1597.85ms,7.9936s,2
1573942490-0,i-06c61b81107579b76,m5d.large,9.12258267402649,--test=cpu --cpu-max-prime=2000000 --num-threads=2 --max-requests=10 run,1804.10ms,9.0303s,2
1573942490-0,i-06c61b81107579b76,m5d.large,9.05271911621093,--test=cpu --cpu-max-prime=2000000 --num-threads=2 --max-requests=10 run,1803.68ms,9.0261s,2
1573942490-0,i-06c61b81107579b76,m5d.large,9.05333089828491,--test=cpu --cpu-max-prime=2000000 --num-threads=2 --max-requests=10 run,1804.88ms,9.0269s,2
1573942490-0,i-06c61b81107579b76,m5d.large,9.06651210784912,--test=cpu --cpu-max-prime=2000000 --num-threads=2 --max-requests=10 run,1804.93ms,9.0403s,2
1573942490-0,i-06c61b81107579b76,m5d.large,9.0552008152008,--test=cpu --cpu-max-prime=2000000 --num-threads=2 --max-requests=10 run,1803.45ms,9.0251s,2
1573942490-0,i-06c61b81107579b76,m5d.large,9.0548255443573,--test=cpu --cpu-max-prime=2000000 --num-threads=2 --max-requests=10 run,1803.33ms,9.0244s,2
1573942490-0,i-06c61b81107579b76,m5d.large,9.06441593170166,--test=cpu --cpu-max-prime=2000000 --num-threads=2 --max-requests=10 run,1805.10ms,9.0332s,2
1573942490-0,i-06c61b81107579b76,m5d.large,9.05526947975158,--test=cpu --cpu-max-prime=2000000 --num-threads=2 --max-requests=10 run,1803.67ms,9.0258s,2
1573942490-0,i-06c61b81107579b76,m5d.large,9.05429482460022,--test=cpu --cpu-max-prime=2000000 --num-threads=2 --max-requests=10 run,1803.51ms,9.0265s,2
1573942490-0,i-06c61b81107579b76,m5d.large,9.0589644908905,--test=cpu --cpu-max-prime=2000000 --num-threads=2 --max-requests=10 run,1805.27ms,9.0302s,2
1573942490-0,i-047575da5698f4497,m5d.large,9.2021746635437,--test=cpu --cpu-max-prime=2000000 --num-threads=2 --max-requests=10 run,1804.34ms,9.0288s,2
1573942490-0,i-047575da5698f4497,m5d.large,9.04410243034362,--test=cpu --cpu-max-prime=2000000 --num-threads=2 --max-requests=10 run,1803.47ms,9.0237s,2
1573942490-0,i-047575da5698f4497,m5d.large,9.04568290710449,--test=cpu --cpu-max-prime=2000000 --num-threads=2 --max-requests=10 run,1803.40ms,9.0248s,2
1573942490-0,i-047575da5698f4497,m5d.large,9.07042360305786,--test=cpu --cpu-max-prime=2000000 --num-threads=2 --max-requests=10 run,1806.38ms,9.0457s,2
1573942490-0,i-047575da5698f4497,m5d.large,9.04559350013732,--test=cpu --cpu-max-prime=2000000 --num-threads=2 --max-requests=10 run,1803.24ms,9.0235s,2
1573942490-0,i-047575da5698f4497,m5d.large,9.04403662681579,--test=cpu --cpu-max-prime=2000000 --num-threads=2 --max-requests=10 run,1803.37ms,9.0236s,2
1573942490-0,i-047575da5698f4497,m5d.large,9.04889702796936,--test=cpu --cpu-max-prime=2000000 --num-threads=2 --max-requests=10 run,1805.21ms,9.0273s,2
1573942490-0,i-047575da5698f4497,m5d.large,9.04875230789184,--test=cpu --cpu-max-prime=2000000 --num-threads=2 --max-requests=10 run,1804.14ms,9.0240s,2
1573942490-0,i-047575da5698f4497,m5d.large,9.04610800743103,--test=cpu --cpu-max-prime=2000000 --num-threads=2 --max-requests=10 run,1803.51ms,9.0253s,2
1573942490-0,i-047575da5698f4497,m5d.large,9.05370140075683,--test=cpu --cpu-max-prime=2000000 --num-threads=2 --max-requests=10 run,1805.02ms,9.0320s,2
1573942490-0,i-0ece06eab633a3526,m5d.large,9.27775979042053,--test=cpu --cpu-max-prime=2000000 --num-threads=2 --max-requests=10 run,1813.52ms,9.1176s,2
1573942490-0,i-0ece06eab633a3526,m5d.large,9.13679885864257,--test=cpu --cpu-max-prime=2000000 --num-threads=2 --max-requests=10 run,1812.98ms,9.1172s,2
1573942490-0,i-0ece06eab633a3526,m5d.large,9.14793157577514,--test=cpu --cpu-max-prime=2000000 --num-threads=2 --max-requests=10 run,1813.52ms,9.1296s,2
1573942490-0,i-0ece06eab633a3526,m5d.large,9.17579054832458,--test=cpu --cpu-max-prime=2000000 --num-threads=2 --max-requests=10 run,1816.29ms,9.1553s,2
1573942490-0,i-0ece06eab633a3526,m5d.large,9.14699435234069,--test=cpu --cpu-max-prime=2000000 --num-threads=2 --max-requests=10 run,1812.83ms,9.1258s,2
1573942490-0,i-0ece06eab633a3526,m5d.large,9.14475512504577,--test=cpu --cpu-max-prime=2000000 --num-threads=2 --max-requests=10 run,1813.11ms,9.1193s,2
1573942490-0,i-0ece06eab633a3526,m5d.large,9.15115356445312,--test=cpu --cpu-max-prime=2000000 --num-threads=2 --max-requests=10 run,1814.41ms,9.1290s,2
1573942490-0,i-0ece06eab633a3526,m5d.large,9.14663124084472,--test=cpu --cpu-max-prime=2000000 --num-threads=2 --max-requests=10 run,1812.84ms,9.1259s,2
1573942490-0,i-0ece06eab633a3526,m5d.large,9.14220595359802,--test=cpu --cpu-max-prime=2000000 --num-threads=2 --max-requests=10 run,1813.11ms,9.1186s,2
1573942490-0,i-0ece06eab633a3526,m5d.large,9.15086507797241,--test=cpu --cpu-max-prime=2000000 --num-threads=2 --max-requests=10 run,1814.42ms,9.1307s,2
1573942490-0,i-0ca55bbf96a4d4a74,m5d.large,7.80029606819152,--test=cpu --cpu-max-prime=2000000 --num-threads=2 --max-requests=10 run,1551.84ms,7.7612s,2
1573942490-0,i-0ca55bbf96a4d4a74,m5d.large,7.7828471660614,--test=cpu --cpu-max-prime=2000000 --num-threads=2 --max-requests=10 run,1551.30ms,7.7588s,2
1573942490-0,i-0ca55bbf96a4d4a74,m5d.large,7.78253602981567,--test=cpu --cpu-max-prime=2000000 --num-threads=2 --max-requests=10 run,1551.34ms,7.7590s,2
1573942490-0,i-0ca55bbf96a4d4a74,m5d.large,7.7955892086029,--test=cpu --cpu-max-prime=2000000 --num-threads=2 --max-requests=10 run,1554.07ms,7.7730s,2
1573942490-0,i-0ca55bbf96a4d4a74,m5d.large,7.7839777469635,--test=cpu --cpu-max-prime=2000000 --num-threads=2 --max-requests=10 run,1551.14ms,7.7583s,2
1573942490-0,i-0ca55bbf96a4d4a74,m5d.large,7.78478693962097,--test=cpu --cpu-max-prime=2000000 --num-threads=2 --max-requests=10 run,1551.19ms,7.7582s,2
1573942490-0,i-0ca55bbf96a4d4a74,m5d.large,7.78517436981201,--test=cpu --cpu-max-prime=2000000 --num-threads=2 --max-requests=10 run,1551.44ms,7.7585s,2
1573942490-0,i-0ca55bbf96a4d4a74,m5d.large,7.79989409446716,--test=cpu --cpu-max-prime=2000000 --num-threads=2 --max-requests=10 run,1553.43ms,7.7736s,2
1573942490-0,i-0ca55bbf96a4d4a74,m5d.large,7.78736782073974,--test=cpu --cpu-max-prime=2000000 --num-threads=2 --max-requests=10 run,1551.90ms,7.7618s,2
1573942490-0,i-0ca55bbf96a4d4a74,m5d.large,7.7853729724884,--test=cpu --cpu-max-prime=2000000 --num-threads=2 --max-requests=10 run,1551.24ms,7.7590s,2
1573942490-0,i-0b65af7aa537d3168,m5d.large,8.02633500099182,--test=cpu --cpu-max-prime=2000000 --num-threads=2 --max-requests=10 run,1597.76ms,7.9896s,2
1573942490-0,i-0b65af7aa537d3168,m5d.large,8.01088762283325,--test=cpu --cpu-max-prime=2000000 --num-threads=2 --max-requests=10 run,1597.00ms,7.9871s,2
1573942490-0,i-0b65af7aa537d3168,m5d.large,8.0073435306549,--test=cpu --cpu-max-prime=2000000 --num-threads=2 --max-requests=10 run,1596.85ms,7.9863s,2
1573942490-0,i-0b65af7aa537d3168,m5d.large,8.02539825439453,--test=cpu --cpu-max-prime=2000000 --num-threads=2 --max-requests=10 run,1599.50ms,8.0020s,2
1573942490-0,i-0b65af7aa537d3168,m5d.large,8.00864791870117,--test=cpu --cpu-max-prime=2000000 --num-threads=2 --max-requests=10 run,1596.99ms,7.9861s,2
1573942490-0,i-0b65af7aa537d3168,m5d.large,8.01059794425964,--test=cpu --cpu-max-prime=2000000 --num-threads=2 --max-requests=10 run,1596.74ms,7.9865s,2
1573942490-0,i-0b65af7aa537d3168,m5d.large,8.00858449935913,--test=cpu --cpu-max-prime=2000000 --num-threads=2 --max-requests=10 run,1596.65ms,7.9855s,2
1573942490-0,i-0b65af7aa537d3168,m5d.large,8.01647496223449,--test=cpu --cpu-max-prime=2000000 --num-threads=2 --max-requests=10 run,1598.42ms,7.9930s,2
1573942490-0,i-0b65af7aa537d3168,m5d.large,8.0122685432434,--test=cpu --cpu-max-prime=2000000 --num-threads=2 --max-requests=10 run,1597.16ms,7.9880s,2
1573942490-0,i-0b65af7aa537d3168,m5d.large,8.01233959197998,--test=cpu --cpu-max-prime=2000000 --num-threads=2 --max-requests=10 run,1596.89ms,7.9875s,2
1573942490-0,i-018b98b01134abbc5,m5d.large,9.11707472801208,--test=cpu --cpu-max-prime=2000000 --num-threads=2 --max-requests=10 run,1804.03ms,9.0208s,2
1573942490-0,i-018b98b01134abbc5,m5d.large,9.04774951934814,--test=cpu --cpu-max-prime=2000000 --num-threads=2 --max-requests=10 run,1803.98ms,9.0238s,2
1573942490-0,i-018b98b01134abbc5,m5d.large,9.04999899864196,--test=cpu --cpu-max-prime=2000000 --num-threads=2 --max-requests=10 run,1804.68ms,9.0279s,2
1573942490-0,i-018b98b01134abbc5,m5d.large,9.05582284927368,--test=cpu --cpu-max-prime=2000000 --num-threads=2 --max-requests=10 run,1805.34ms,9.0324s,2
1573942490-0,i-018b98b01134abbc5,m5d.large,9.04569578170776,--test=cpu --cpu-max-prime=2000000 --num-threads=2 --max-requests=10 run,1803.66ms,9.0186s,2
1573942490-0,i-018b98b01134abbc5,m5d.large,9.04376530647277,--test=cpu --cpu-max-prime=2000000 --num-threads=2 --max-requests=10 run,1803.49ms,9.0203s,2
1573942490-0,i-018b98b01134abbc5,m5d.large,9.05367588996887,--test=cpu --cpu-max-prime=2000000 --num-threads=2 --max-requests=10 run,1805.10ms,9.0309s,2
1573942490-0,i-018b98b01134abbc5,m5d.large,9.04513072967529,--test=cpu --cpu-max-prime=2000000 --num-threads=2 --max-requests=10 run,1804.25ms,9.0218s,2
1573942490-0,i-018b98b01134abbc5,m5d.large,9.04503893852233,--test=cpu --cpu-max-prime=2000000 --num-threads=2 --max-requests=10 run,1803.87ms,9.0206s,2
1573942490-0,i-018b98b01134abbc5,m5d.large,9.05146193504333,--test=cpu --cpu-max-prime=2000000 --num-threads=2 --max-requests=10 run,1805.05ms,9.0269s,2
1573942490-0,i-07371e52fb12110ae,m5d.large,9.20331168174743,--test=cpu --cpu-max-prime=2000000 --num-threads=2 --max-requests=10 run,1803.35ms,9.0183s,2
1573942490-0,i-07371e52fb12110ae,m5d.large,9.04753351211547,--test=cpu --cpu-max-prime=2000000 --num-threads=2 --max-requests=10 run,1803.24ms,9.0243s,2
1573942490-0,i-07371e52fb12110ae,m5d.large,9.05287170410156,--test=cpu --cpu-max-prime=2000000 --num-threads=2 --max-requests=10 run,1804.72ms,9.0256s,2
1573942490-0,i-07371e52fb12110ae,m5d.large,9.06058430671691,--test=cpu --cpu-max-prime=2000000 --num-threads=2 --max-requests=10 run,1804.66ms,9.0374s,2
1573942490-0,i-07371e52fb12110ae,m5d.large,9.04785442352295,--test=cpu --cpu-max-prime=2000000 --num-threads=2 --max-requests=10 run,1803.03ms,9.0222s,2
1573942490-0,i-07371e52fb12110ae,m5d.large,9.04718947410583,--test=cpu --cpu-max-prime=2000000 --num-threads=2 --max-requests=10 run,1803.53ms,9.0225s,2
1573942490-0,i-07371e52fb12110ae,m5d.large,9.05505275726318,--test=cpu --cpu-max-prime=2000000 --num-threads=2 --max-requests=10 run,1804.93ms,9.0300s,2
1573942490-0,i-07371e52fb12110ae,m5d.large,9.04893517494201,--test=cpu --cpu-max-prime=2000000 --num-threads=2 --max-requests=10 run,1803.33ms,9.0237s,2
1573942490-0,i-07371e52fb12110ae,m5d.large,9.05223870277404,--test=cpu --cpu-max-prime=2000000 --num-threads=2 --max-requests=10 run,1803.31ms,9.0238s,2
1573942490-0,i-07371e52fb12110ae,m5d.large,9.05298352241516,--test=cpu --cpu-max-prime=2000000 --num-threads=2 --max-requests=10 run,1805.21ms,9.0276s,2
1573942490-0,i-061f3d47b6ec6d899,m5d.large,7.86909365653991,--test=cpu --cpu-max-prime=2000000 --num-threads=2 --max-requests=10 run,1551.67ms,7.7611s,2
1573942490-0,i-061f3d47b6ec6d899,m5d.large,7.78371453285217,--test=cpu --cpu-max-prime=2000000 --num-threads=2 --max-requests=10 run,1552.07ms,7.7658s,2
1573942490-0,i-061f3d47b6ec6d899,m5d.large,7.77957463264465,--test=cpu --cpu-max-prime=2000000 --num-threads=2 --max-requests=10 run,1551.52ms,7.7610s,2
1573942490-0,i-061f3d47b6ec6d899,m5d.large,7.79434013366699,--test=cpu --cpu-max-prime=2000000 --num-threads=2 --max-requests=10 run,1554.07ms,7.7765s,2
1573942490-0,i-061f3d47b6ec6d899,m5d.large,7.77920150756835,--test=cpu --cpu-max-prime=2000000 --num-threads=2 --max-requests=10 run,1551.45ms,7.7611s,2
1573942490-0,i-061f3d47b6ec6d899,m5d.large,7.78112459182739,--test=cpu --cpu-max-prime=2000000 --num-threads=2 --max-requests=10 run,1551.51ms,7.7616s,2
1573942490-0,i-061f3d47b6ec6d899,m5d.large,7.78142428398132,--test=cpu --cpu-max-prime=2000000 --num-threads=2 --max-requests=10 run,1551.75ms,7.7626s,2
1573942490-0,i-061f3d47b6ec6d899,m5d.large,7.79265141487121,--test=cpu --cpu-max-prime=2000000 --num-threads=2 --max-requests=10 run,1553.07ms,7.7732s,2
1573942490-0,i-061f3d47b6ec6d899,m5d.large,7.7823314666748,--test=cpu --cpu-max-prime=2000000 --num-threads=2 --max-requests=10 run,1551.75ms,7.7627s,2
1573942490-0,i-061f3d47b6ec6d899,m5d.large,7.78476309776306,--test=cpu --cpu-max-prime=2000000 --num-threads=2 --max-requests=10 run,1552.13ms,7.7650s,2
1573942490-0,i-0c1b44f5929053a0c,m5d.large,8.01379418373107,--test=cpu --cpu-max-prime=2000000 --num-threads=2 --max-requests=10 run,1597.27ms,7.9874s,2
1573942490-0,i-0c1b44f5929053a0c,m5d.large,8.00477766990661,--test=cpu --cpu-max-prime=2000000 --num-threads=2 --max-requests=10 run,1597.08ms,7.9882s,2
1573942490-0,i-0c1b44f5929053a0c,m5d.large,8.01190662384033,--test=cpu --cpu-max-prime=2000000 --num-threads=2 --max-requests=10 run,1598.47ms,7.9950s,2
1573942490-0,i-0c1b44f5929053a0c,m5d.large,8.00873827934265,--test=cpu --cpu-max-prime=2000000 --num-threads=2 --max-requests=10 run,1597.59ms,7.9908s,2
1573942490-0,i-0c1b44f5929053a0c,m5d.large,8.00778126716613,--test=cpu --cpu-max-prime=2000000 --num-threads=2 --max-requests=10 run,1597.14ms,7.9888s,2
1573942490-0,i-0c1b44f5929053a0c,m5d.large,8.00642442703247,--test=cpu --cpu-max-prime=2000000 --num-threads=2 --max-requests=10 run,1597.00ms,7.9883s,2
1573942490-0,i-0c1b44f5929053a0c,m5d.large,8.01763415336608,--test=cpu --cpu-max-prime=2000000 --num-threads=2 --max-requests=10 run,1598.29ms,7.9997s,2
1573942490-0,i-0c1b44f5929053a0c,m5d.large,8.01099228858947,--test=cpu --cpu-max-prime=2000000 --num-threads=2 --max-requests=10 run,1598.22ms,7.9917s,2
1573942490-0,i-0c1b44f5929053a0c,m5d.large,8.00660276412963,--test=cpu --cpu-max-prime=2000000 --num-threads=2 --max-requests=10 run,1597.55ms,7.9883s,2
1573942490-0,i-0c1b44f5929053a0c,m5d.large,8.00600600242614,--test=cpu --cpu-max-prime=2000000 --num-threads=2 --max-requests=10 run,1597.06ms,7.9877s,2
1573942490-0,i-0f0e24c09425eac71,m5d.large,8.02951693534851,--test=cpu --cpu-max-prime=2000000 --num-threads=2 --max-requests=10 run,1596.84ms,7.9875s,2
1573942490-0,i-0f0e24c09425eac71,m5d.large,8.01245522499084,--test=cpu --cpu-max-prime=2000000 --num-threads=2 --max-requests=10 run,1596.83ms,7.9875s,2
1573942490-0,i-0f0e24c09425eac71,m5d.large,8.01625418663024,--test=cpu --cpu-max-prime=2000000 --num-threads=2 --max-requests=10 run,1598.31ms,7.9932s,2
1573942490-0,i-0f0e24c09425eac71,m5d.large,8.02038121223449,--test=cpu --cpu-max-prime=2000000 --num-threads=2 --max-requests=10 run,1598.58ms,7.9965s,2
1573942490-0,i-0f0e24c09425eac71,m5d.large,8.01555466651916,--test=cpu --cpu-max-prime=2000000 --num-threads=2 --max-requests=10 run,1596.76ms,7.9871s,2
1573942490-0,i-0f0e24c09425eac71,m5d.large,8.01245832443237,--test=cpu --cpu-max-prime=2000000 --num-threads=2 --max-requests=10 run,1596.73ms,7.9865s,2
1573942490-0,i-0f0e24c09425eac71,m5d.large,8.01915335655212,--test=cpu --cpu-max-prime=2000000 --num-threads=2 --max-requests=10 run,1597.50ms,7.9934s,2
1573942490-0,i-0f0e24c09425eac71,m5d.large,8.02012920379638,--test=cpu --cpu-max-prime=2000000 --num-threads=2 --max-requests=10 run,1597.43ms,7.9922s,2
1573942490-0,i-0f0e24c09425eac71,m5d.large,8.01118278503418,--test=cpu --cpu-max-prime=2000000 --num-threads=2 --max-requests=10 run,1596.78ms,7.9868s,2
1573942490-0,i-0f0e24c09425eac71,m5d.large,8.01881384849548,--test=cpu --cpu-max-prime=2000000 --num-threads=2 --max-requests=10 run,1597.52ms,7.9927s,2
1573942490-0,i-0098bacd16b57b4dc,m5d.large,7.91236138343811,--test=cpu --cpu-max-prime=2000000 --num-threads=2 --max-requests=10 run,1551.56ms,7.7594s,2
1573942490-0,i-0098bacd16b57b4dc,m5d.large,7.77942562103271,--test=cpu --cpu-max-prime=2000000 --num-threads=2 --max-requests=10 run,1551.76ms,7.7599s,2
1573942490-0,i-0098bacd16b57b4dc,m5d.large,7.78101587295532,--test=cpu --cpu-max-prime=2000000 --num-threads=2 --max-requests=10 run,1551.77ms,7.7612s,2
1573942490-0,i-0098bacd16b57b4dc,m5d.large,7.80127787590026,--test=cpu --cpu-max-prime=2000000 --num-threads=2 --max-requests=10 run,1554.37ms,7.7838s,2
1573942490-0,i-0098bacd16b57b4dc,m5d.large,7.78040194511413,--test=cpu --cpu-max-prime=2000000 --num-threads=2 --max-requests=10 run,1551.33ms,7.7590s,2
1573942490-0,i-0098bacd16b57b4dc,m5d.large,7.77776718139648,--test=cpu --cpu-max-prime=2000000 --num-threads=2 --max-requests=10 run,1551.37ms,7.7589s,2
1573942490-0,i-0098bacd16b57b4dc,m5d.large,7.77984356880188,--test=cpu --cpu-max-prime=2000000 --num-threads=2 --max-requests=10 run,1551.36ms,7.7589s,2
1573942490-0,i-0098bacd16b57b4dc,m5d.large,7.79192280769348,--test=cpu --cpu-max-prime=2000000 --num-threads=2 --max-requests=10 run,1553.00ms,7.7710s,2
1573942490-0,i-0098bacd16b57b4dc,m5d.large,7.78087592124939,--test=cpu --cpu-max-prime=2000000 --num-threads=2 --max-requests=10 run,1551.50ms,7.7606s,2
1573942490-0,i-0098bacd16b57b4dc,m5d.large,7.78108644485473,--test=cpu --cpu-max-prime=2000000 --num-threads=2 --max-requests=10 run,1551.61ms,7.7608s,2
1573942490-0,i-0e9ad9f08cc1486c9,m5d.large,8.14606142044067,--test=cpu --cpu-max-prime=2000000 --num-threads=2 --max-requests=10 run,1597.75ms,7.9901s,2
1573942490-0,i-0e9ad9f08cc1486c9,m5d.large,8.01080107688903,--test=cpu --cpu-max-prime=2000000 --num-threads=2 --max-requests=10 run,1597.03ms,7.9861s,2
1573942490-0,i-0e9ad9f08cc1486c9,m5d.large,8.01096606254577,--test=cpu --cpu-max-prime=2000000 --num-threads=2 --max-requests=10 run,1596.93ms,7.9868s,2
1573942490-0,i-0e9ad9f08cc1486c9,m5d.large,8.02459502220153,--test=cpu --cpu-max-prime=2000000 --num-threads=2 --max-requests=10 run,1599.72ms,8.0020s,2
1573942490-0,i-0e9ad9f08cc1486c9,m5d.large,8.01034617424011,--test=cpu --cpu-max-prime=2000000 --num-threads=2 --max-requests=10 run,1596.88ms,7.9862s,2
1573942490-0,i-0e9ad9f08cc1486c9,m5d.large,8.01262140274047,--test=cpu --cpu-max-prime=2000000 --num-threads=2 --max-requests=10 run,1597.02ms,7.9868s,2
1573942490-0,i-0e9ad9f08cc1486c9,m5d.large,8.01104974746704,--test=cpu --cpu-max-prime=2000000 --num-threads=2 --max-requests=10 run,1596.77ms,7.9860s,2
1573942490-0,i-0e9ad9f08cc1486c9,m5d.large,8.02379369735717,--test=cpu --cpu-max-prime=2000000 --num-threads=2 --max-requests=10 run,1599.10ms,7.9971s,2
1573942490-0,i-0e9ad9f08cc1486c9,m5d.large,8.01585602760315,--test=cpu --cpu-max-prime=2000000 --num-threads=2 --max-requests=10 run,1597.45ms,7.9899s,2
1573942490-0,i-0e9ad9f08cc1486c9,m5d.large,8.01413035392761,--test=cpu --cpu-max-prime=2000000 --num-threads=2 --max-requests=10 run,1597.01ms,7.9868s,2
1573942490-0,i-0062d028d4b1b0c17,m5d.large,8.11153411865234,--test=cpu --cpu-max-prime=2000000 --num-threads=2 --max-requests=10 run,1597.58ms,7.9887s,2
1573942490-0,i-0062d028d4b1b0c17,m5d.large,8.01083803176879,--test=cpu --cpu-max-prime=2000000 --num-threads=2 --max-requests=10 run,1597.24ms,7.9877s,2
1573942490-0,i-0062d028d4b1b0c17,m5d.large,8.00575709342956,--test=cpu --cpu-max-prime=2000000 --num-threads=2 --max-requests=10 run,1597.16ms,7.9859s,2
1573942490-0,i-0062d028d4b1b0c17,m5d.large,8.0185432434082,--test=cpu --cpu-max-prime=2000000 --num-threads=2 --max-requests=10 run,1598.07ms,7.9966s,2
1573942490-0,i-0062d028d4b1b0c17,m5d.large,8.01163244247436,--test=cpu --cpu-max-prime=2000000 --num-threads=2 --max-requests=10 run,1596.90ms,7.9872s,2
1573942490-0,i-0062d028d4b1b0c17,m5d.large,8.01133108139038,--test=cpu --cpu-max-prime=2000000 --num-threads=2 --max-requests=10 run,1596.88ms,7.9870s,2
1573942490-0,i-0062d028d4b1b0c17,m5d.large,8.01148295402526,--test=cpu --cpu-max-prime=2000000 --num-threads=2 --max-requests=10 run,1596.92ms,7.9885s,2
1573942490-0,i-0062d028d4b1b0c17,m5d.large,8.01617074012756,--test=cpu --cpu-max-prime=2000000 --num-threads=2 --max-requests=10 run,1598.35ms,7.9930s,2
1573942490-0,i-0062d028d4b1b0c17,m5d.large,8.00908184051513,--test=cpu --cpu-max-prime=2000000 --num-threads=2 --max-requests=10 run,1596.96ms,7.9864s,2
1573942490-0,i-0062d028d4b1b0c17,m5d.large,8.00955033302307,--test=cpu --cpu-max-prime=2000000 --num-threads=2 --max-requests=10 run,1596.93ms,7.9859s,2
1573942490-0,i-03431dab34bcb014e,m5d.large,7.79173421859741,--test=cpu --cpu-max-prime=2000000 --num-threads=2 --max-requests=10 run,1551.94ms,7.7635s,2
1573942490-0,i-03431dab34bcb014e,m5d.large,7.78018450736999,--test=cpu --cpu-max-prime=2000000 --num-threads=2 --max-requests=10 run,1552.13ms,7.7610s,2
1573942490-0,i-03431dab34bcb014e,m5d.large,7.79032921791076,--test=cpu --cpu-max-prime=2000000 --num-threads=2 --max-requests=10 run,1552.65ms,7.7712s,2
1573942490-0,i-03431dab34bcb014e,m5d.large,7.79368948936462,--test=cpu --cpu-max-prime=2000000 --num-threads=2 --max-requests=10 run,1552.92ms,7.7751s,2
1573942490-0,i-03431dab34bcb014e,m5d.large,7.78159141540527,--test=cpu --cpu-max-prime=2000000 --num-threads=2 --max-requests=10 run,1551.48ms,7.7600s,2
1573942490-0,i-03431dab34bcb014e,m5d.large,7.78216481208801,--test=cpu --cpu-max-prime=2000000 --num-threads=2 --max-requests=10 run,1551.55ms,7.7611s,2
1573942490-0,i-03431dab34bcb014e,m5d.large,7.78639554977417,--test=cpu --cpu-max-prime=2000000 --num-threads=2 --max-requests=10 run,1552.71ms,7.7648s,2
1573942490-0,i-03431dab34bcb014e,m5d.large,7.78890895843505,--test=cpu --cpu-max-prime=2000000 --num-threads=2 --max-requests=10 run,1552.58ms,7.7652s,2
1573942490-0,i-03431dab34bcb014e,m5d.large,7.78037071228027,--test=cpu --cpu-max-prime=2000000 --num-threads=2 --max-requests=10 run,1551.87ms,7.7595s,2
1573942490-0,i-03431dab34bcb014e,m5d.large,7.77970576286315,--test=cpu --cpu-max-prime=2000000 --num-threads=2 --max-requests=10 run,1551.75ms,7.7594s,2
1573942490-0,i-0f83d46715e5b7ba9,m5d.large,7.92925548553466,--test=cpu --cpu-max-prime=2000000 --num-threads=2 --max-requests=10 run,1551.89ms,7.7614s,2
1573942490-0,i-0f83d46715e5b7ba9,m5d.large,7.7806715965271,--test=cpu --cpu-max-prime=2000000 --num-threads=2 --max-requests=10 run,1551.44ms,7.7588s,2
1573942490-0,i-0f83d46715e5b7ba9,m5d.large,7.78367733955383,--test=cpu --cpu-max-prime=2000000 --num-threads=2 --max-requests=10 run,1551.37ms,7.7584s,2
1573942490-0,i-0f83d46715e5b7ba9,m5d.large,7.79206085205078,--test=cpu --cpu-max-prime=2000000 --num-threads=2 --max-requests=10 run,1553.10ms,7.7678s,2
1573942490-0,i-0f83d46715e5b7ba9,m5d.large,7.78360795974731,--test=cpu --cpu-max-prime=2000000 --num-threads=2 --max-requests=10 run,1551.65ms,7.7605s,2
1573942490-0,i-0f83d46715e5b7ba9,m5d.large,7.78329992294311,--test=cpu --cpu-max-prime=2000000 --num-threads=2 --max-requests=10 run,1551.43ms,7.7588s,2
1573942490-0,i-0f83d46715e5b7ba9,m5d.large,7.78824973106384,--test=cpu --cpu-max-prime=2000000 --num-threads=2 --max-requests=10 run,1552.04ms,7.7643s,2
1573942490-0,i-0f83d46715e5b7ba9,m5d.large,7.7918472290039,--test=cpu --cpu-max-prime=2000000 --num-threads=2 --max-requests=10 run,1552.28ms,7.7644s,2
1573942490-0,i-0f83d46715e5b7ba9,m5d.large,7.78739500045776,--test=cpu --cpu-max-prime=2000000 --num-threads=2 --max-requests=10 run,1551.74ms,7.7631s,2
1573942490-0,i-0f83d46715e5b7ba9,m5d.large,7.78347086906433,--test=cpu --cpu-max-prime=2000000 --num-threads=2 --max-requests=10 run,1551.45ms,7.7592s,2
